Rank	Target sequence	Genomic location	Strand	GC content (%)	Self-complementarity	MM0	MM1	MM2	MM3	Efficiency
1	TCGCCGGAACGTGGGCATCAGGG	chr11:72695028	-	65	0	0	0	0	0	64.19
2	ATCCTGGATCGCCGGAACGTGGG	chr11:72695036	-	60	0	0	0	0	0	59.54
3	ACACAGCGGTACACGATCACCGG	chr11:72697343	+	55	0	0	0	0	0	56.22
4	GCGCTTAGAGTAAGCGTCCTGGG	chr11:72711124	+	55	2	0	0	0	0	54.82
5	TCTGCGCAACGTCTGAGCACAGG	chr11:72685657	-	60	0	0	0	0	0	52.66
6	GTACGCCTGTTCCCAGAGTTCGG	chr11:72714151	-	55	0	0	0	0	0	49.51
7	CATCTCTCGCTAGTGGCGGATGG	chr11:72712330	-	60	2	0	0	0	0	51.26
8	CCGCCACTAGCGAGAGATGAGGG	chr11:72712334	+	60	2	0	0	0	0	51.01
9	CTCTCTAGCGCTTATCTGCTGGG	chr11:72710500	-	50	1	0	0	0	0	42.04
10	GGGAACAGGCGTACCGGCTTTGG	chr11:72714160	+	65	0	0	0	0	0	27.65
11	TGTACATACAGGGCGAGCGGCGG	chr11:72697459	-	60	0	0	0	0	1	68.33
12	GGTGATCGTGTACCGCTGTGTGG	chr11:72697341	-	60	0	0	0	0	1	67.77
13	AGCCACGCGCATCTTCACAATGG	chr11:72695563	+	55	1	0	0	0	1	68.56
14	GTGGACAGAAACACTTATCGAGG	chr11:72705804	-	45	0	0	0	0	1	66.56
15	ACCTTCATCGACATGAGCGTGGG	chr11:72709930	-	50	0	0	0	0	1	66.19
16	ACTGCCCGGGACACGCGTGAGGG	chr11:72686142	+	70	1	0	0	0	1	66.05
17	CGCCACTAGCGAGAGATGAGGGG	chr11:72712335	+	60	2	0	0	0	1	64.44
18	CGATCGTGGAAGCCACCTGAGGG	chr11:72693374	+	60	2	0	0	0	1	63.57
19	CGCTTAGAGTAAGCGTCCTGGGG	chr11:72711125	+	55	2	0	0	0	1	62.50
20	GCGATACTTTGACAGTAACAAGG	chr11:72711429	-	40	0	0	0	0	1	58.29
21	CACAGCGGTACACGATCACCGGG	chr11:72697344	+	60	0	0	0	0	1	56.02
22	AACAGGCGTACCGGCTTTGGAGG	chr11:72714163	+	60	0	0	0	0	1	53.61
23	AGTTGCAGCGGCTCTTCGCAGGG	chr11:72697931	+	60	0	0	0	0	1	53.58
24	GTGTCACTGATCCCCCTTCGAGG	chr11:72686097	-	60	0	0	0	0	1	51.78
25	TCACTTGGGGACGCCCTCATAGG	chr11:72712434	+	60	1	0	0	0	1	52.30
26	TGCCAGGCACACAATCTCGCTGG	chr11:72699440	+	60	1	0	0	0	1	51.45
27	ACGGCTGTACCTGTTTGGGCTGG	chr11:72699049	-	60	1	0	0	0	1	50.36
28	TGGTGTTTAGTGTGCGTCCCTGG	chr11:72695706	-	55	1	0	0	0	1	49.80
29	GCGCGAGTGAAGAGCCCATCAGG	chr11:72697012	+	65	1	0	0	0	1	48.25
30	TGCCCACGTTCCGGCGATCCAGG	chr11:72695034	+	70	0	0	0	0	1	42.53
31	ATCGCCGGAACGTGGGCATCAGG	chr11:72695029	-	65	0	0	0	0	1	40.84
32	AGCTGTACGTGGCCGTGGTCGGG	chr11:72710415	-	65	1	0	0	0	1	39.39
33	AAATGAAATGCGCCGGAGTGTGG	chr11:72686068	-	50	0	0	0	1	0	61.07
34	TGCCATTGTGAAGATGCGCGTGG	chr11:72695565	-	55	0	0	0	0	2	66.37
35	GACAGAAACACTTATCGAGGTGG	chr11:72705801	-	45	0	0	0	0	2	60.96
36	CATTTTCACTACCTCGAAGGGGG	chr11:72686086	+	45	0	0	0	0	2	59.64
37	ACACTTGCGGTAGATGCCCTCGG	chr11:72697164	+	55	0	0	0	0	2	59.24
38	GCCCACGCTCATGTCGATGAAGG	chr11:72709929	+	60	0	0	0	0	2	58.03
39	CACCTTCATCGACATGAGCGTGG	chr11:72709931	-	55	0	0	0	0	2	57.71
40	GATCCTGGATCGCCGGAACGTGG	chr11:72695037	-	65	0	0	0	0	2	55.41
41	CTTCGGAACAACCGGACCACAGG	chr11:72702904	-	60	0	0	0	0	2	53.92
42	AGAGGATGACCACGCCTATGAGG	chr11:72712448	-	55	0	0	0	0	2	53.34
43	AGCGCTTAGAGTAAGCGTCCTGG	chr11:72711123	+	55	2	0	0	0	2	55.09
44	CTGTGGTCCGGTTGTTCCGAAGG	chr11:72702905	+	60	0	0	0	0	2	51.92
45	GAGCGGGCAGTGACCCCCAATGG	chr11:72699474	-	70	0	0	0	0	2	51.21
46	AAATGCCGCTTAGCAGGCAGCGG	chr11:72726680	+	55	2	0	0	0	2	51.52
47	ACGGCCCGTGGGACTCGGCTCGG	chr11:72712534	+	75	3	0	0	0	2	49.16
48	CACTGCCCGGGACACGCGTGAGG	chr11:72686141	+	75	1	0	0	0	2	44.94
49	CGCTACCTTTCTGTTTGTGCAGG	chr11:72687438	-	50	0	0	0	0	2	41.15
50	TGCGGCTCTACAAGGAGGTCCGG	chr11:72693325	-	60	2	0	0	0	2	42.18
51	TCTGCCAAATGCCGCTTAGCAGG	chr11:72726674	+	55	0	0	0	0	2	39.86
52	TAGTTGCAGCGGCTCTTCGCAGG	chr11:72697930	+	60	0	0	0	0	2	39.42
53	CGTGGGACTCGGCTCGGTGGGGG	chr11:72712540	+	75	2	0	0	0	2	40.83
54	ACCGGCTTTGGAGGTATCTCCGG	chr11:72714172	+	55	0	0	0	0	2	37.44
55	CTCGCGCCCAGCGCCTAACCTGG	chr11:72696996	-	75	2	0	0	0	2	39.39
56	TCCCCTAGCCGAGGATCTGCTGG	chr11:72698073	-	65	1	0	0	0	2	37.49
57	CTTTGTGCGTGGACCAGACCTGG	chr11:72697892	-	60	1	0	0	0	2	36.92
58	CAGCCGAGGCACCTCTTTGTAGG	chr11:72701770	+	60	2	0	0	0	2	37.26
59	GCTCTCTAGCGCTTATCTGCTGG	chr11:72710501	-	55	1	0	0	0	2	35.32
60	GTGGACTACATCACGCAGTGCGG	chr11:72697322	-	55	1	0	0	0	3	78.46
61	GCTTTGGAGGTATCTCCGGGGGG	chr11:72714176	+	60	1	0	0	0	3	71.72
62	CTGCCGACCGTGAGCCACAGTGG	chr11:72701708	-	70	2	0	0	0	3	62.11
63	TCCGTGCTGTCTTCCCGGAGGGG	chr11:72697954	-	65	0	0	0	0	3	58.63
64	GTATCGTCCCTCACCAGTACAGG	chr11:72696535	+	55	0	0	0	0	3	51.96
65	GCGGCTCTACAAGGAGGTCCGGG	chr11:72693324	-	65	2	0	0	0	3	52.14
66	TCATCGTAGTCAGAGTCATCTGG	chr11:72713225	+	45	0	0	0	0	3	49.77
67	AGACGTTGCGCAGAAGCTGCAGG	chr11:72685666	+	60	1	0	0	0	3	50.21
68	GTGCAATGCCCGCAGCCACTCGG	chr11:72727072	+	65	1	0	0	0	3	49.32
69	TCCGGGTAAGTGGCCCCGCTGGG	chr11:72693307	-	70	0	0	0	0	3	46.76
70	GCGGAAGATGTGGCGCTTCATGG	chr11:72726859	+	60	2	0	0	0	3	48.24
71	ACGCTGTCGGAGCAGCAGCTTGG	chr11:72697379	-	65	0	0	0	0	3	44.17
72	CATACAGGGCGAGCGGCGGCTGG	chr11:72697455	-	75	1	0	0	0	3	43.89
73	GCAGATAAGCGCTAGAGAGCCGG	chr11:72710504	+	55	1	0	0	0	3	41.39
74	GAGAACGGCTGTACCTGTTTGGG	chr11:72699053	-	50	1	0	0	0	3	39.81
75	GTACTTGCCCTCACGGTACTTGG	chr11:72704197	+	55	2	0	0	0	3	39.10
76	CGGAAGATGTGGCGCTTCATGGG	chr11:72726860	+	55	2	0	0	0	3	38.62
77	CACCAGCGCCGGCTGAACTCTGG	chr11:72699534	+	70	1	0	0	0	3	37.09
78	TCCTGCGCGACCTGCCTGATGGG	chr11:72697026	-	65	0	0	0	0	3	35.43
79	ACAACCGAACCTTTGCCTTCCGG	chr11:72711034	-	50	1	0	0	0	3	35.74
80	GTGTGGCGCAGCTATTGTGCTGG	chr11:72712279	+	60	0	0	0	0	3	32.96
81	CTGGCCCGAATCTCTCCATTGGG	chr11:72699459	+	55	0	0	0	0	3	30.95
82	CGCCGCTACCACCCGCTCTTTGG	chr11:72704174	-	70	1	0	0	0	3	30.51
83	GTCCGGGTAAGTGGCCCCGCTGG	chr11:72693308	-	75	1	0	0	0	3	28.87
84	ACAGCTACTCACGGTCTCAGGGG	chr11:72692741	+	55	1	0	0	1	2	65.41
85	ATCCCCTCATCTCTCGCTAGTGG	chr11:72712337	-	55	2	0	0	1	2	56.77
86	TCACCGACACGGCTGGCTGGGGG	chr11:72693455	+	70	1	0	0	1	2	49.04
87	TATCGGTGGCCGAGTGGCTGCGG	chr11:72727081	-	65	1	0	0	1	2	40.85
88	TGTCACCGACACGGCTGGCTGGG	chr11:72693453	+	65	2	0	0	1	2	39.94
89	CACCTTTGAGGTGTACACGGAGG	chr11:72699076	-	55	0	0	0	0	4	70.17
90	CTGCTTTGAGGTCAACGAGAGGG	chr11:72694989	-	50	0	0	0	0	4	66.51
91	GAAGTCACCGGCATGCTGCAGGG	chr11:72695441	+	60	0	0	0	0	4	63.58
92	GCGGACCCTCTGTCTGTGAGTGG	chr11:72686034	-	65	0	0	0	0	4	62.42
93	GAGGCACCTCTTTGTAGGCGGGG	chr11:72701775	+	60	1	0	0	0	4	60.84
94	GGACACGCGTGAGGGCTCTGAGG	chr11:72686150	+	70	1	0	0	0	4	60.72
95	ACTGAGCAGCATATCAAGGTAGG	chr11:72695382	-	45	0	0	0	0	4	59.68
96	GGTACCTGCAGGGTTGGACGCGG	chr11:72687498	+	65	1	0	0	0	4	60.57
97	ATTCGTGCCTCCCCTAGCCGAGG	chr11:72698082	-	65	2	0	0	0	4	60.08
98	AATAGCTGCGCCACACCCCATGG	chr11:72712272	-	60	0	0	0	0	4	57.96
99	TCCCTCCGTGTACACCTCAAAGG	chr11:72699074	+	55	0	0	0	0	4	57.40
100	AACCGGACCACAGGTGAGCGTGG	chr11:72702895	-	65	1	0	0	0	4	58.40
101	TGCGCGCTCTGTGCACCTCAAGG	chr11:72697094	-	65	0	0	0	0	4	55.42
102	TGTTACTGTCAAAGTATCGCAGG	chr11:72711432	+	40	0	0	0	0	4	53.86
103	CGGCAGAGGCAGTCTTGTAGAGG	chr11:72701682	+	60	0	0	0	0	4	53.32
104	GGACGCCTACCCTACAAAGCTGG	chr11:72698030	-	60	0	0	0	0	4	53.31
105	CGTGGGCAACGTGAAGGAAGTGG	chr11:72709913	-	60	0	0	0	0	4	51.75
106	CAAGCTGCTACAGGACCGCCGGG	chr11:72701658	-	65	1	0	0	0	4	51.92
107	GCTTGGGGACTCGGATATCCCGG	chr11:72697362	-	60	1	0	0	0	4	48.14
108	ATGTGGCGCTTCATGGGCACAGG	chr11:72726866	+	60	0	0	0	0	4	46.50
109	GAGCGGCGGCTGGACTTCATGGG	chr11:72697445	-	65	1	0	0	0	4	46.96
110	AAGCGCTAGAGAGCCGGGCCCGG	chr11:72710510	+	70	2	0	0	0	4	45.38
111	GCTGTACGTGGCCGTGGTCGGGG	chr11:72710414	-	70	1	0	0	0	4	43.89
112	CACCGGACCCCCCCGCCTGCTGG	chr11:72726624	-	85	0	0	0	0	4	42.43
113	CAGCATATCAAGGTAGGTGCTGG	chr11:72695376	-	50	0	0	0	0	4	41.91
114	TTAATAGGCCACTCCTTCTCAGG	chr11:72688506	+	45	0	0	0	0	4	41.83
115	GCGAAGAGCCGCTGCAACTACGG	chr11:72697927	-	60	0	0	0	0	4	37.97
116	GCCCATCAGGCAGGTCGCGCAGG	chr11:72697025	+	75	0	0	0	0	4	37.04
117	CGGCCACCTCCGAGGTAGACAGG	chr11:72707283	+	70	2	0	0	0	4	36.11
118	AGGTGGCACCGCCGGGTGCTGGG	chr11:72704225	+	75	3	0	0	0	4	29.07
119	TTACATCTATCAGAAACGATGGG	chr11:72711474	-	30	1	0	0	1	3	62.00
120	GGCCCGAATCTCTCCATTGGGGG	chr11:72699461	+	60	0	0	0	1	3	60.98
121	CGGTGAAGGCAGCCACACTCCGG	chr11:72686056	+	65	1	0	0	1	3	57.46
122	CCGAGGCACCTCTTTGTAGGCGG	chr11:72701773	+	60	1	0	0	1	3	56.15
123	AGCGGCGGTACTTGCCCTCACGG	chr11:72704190	+	65	0	0	0	1	3	53.93
124	TGCTACAGGACCGCCGGGCCCGG	chr11:72701653	-	75	1	0	0	1	3	35.06
125	ACCAGCGCCGGCTGAACTCTGGG	chr11:72699535	+	65	1	0	0	1	3	32.93
126	GCGTGATGTAGTCCACACAGCGG	chr11:72697329	+	55	0	0	0	0	5	82.03
127	TAATGAGGTCTTCCACCACACGG	chr11:72695741	+	45	0	0	0	0	5	72.75
128	CGTGTCGGTGACACCAAGCATGG	chr11:72693443	-	60	1	0	0	0	5	67.11
129	AGACCTCATTAACCACTATGTGG	chr11:72695729	-	40	1	0	0	0	5	63.68
130	GACACCCGCCTGATGGACATGGG	chr11:72726980	-	60	0	0	0	0	5	61.62
131	CACTGTACATACAGGGCGAGCGG	chr11:72697462	-	55	0	0	0	0	5	61.35
132	TTCAAACTTCTGGTCCCCGATGG	chr11:72711067	+	50	0	0	0	0	5	61.14
133	GGGTCACCTGAAGATGCGGTAGG	chr11:72709863	+	60	0	0	0	0	5	59.73
134	GCAGCTCTACAAGAATCTAGAGG	chr11:72710384	-	45	2	0	0	0	5	61.58
135	TGCTGGCCCGGGATTTTGAGCGG	chr11:72698056	-	60	0	0	0	0	5	59.38
136	CTGAGACCGTGAGTAGCTGTGGG	chr11:72692738	-	55	1	0	0	0	5	60.28
137	GCTGCAACTACGGAAACTGCAGG	chr11:72697917	-	55	0	0	0	2	2	59.26
138	GTGGCCAGTCTGCTGAGCGAGGG	chr11:72712507	-	65	1	0	0	0	5	60.17
139	CATGAGCGTGGGCAACGTGAAGG	chr11:72709919	-	60	0	0	0	0	5	58.85
140	CGGCTTTGGAGGTATCTCCGGGG	chr11:72714174	+	60	1	0	0	0	5	59.22
141	ATGCCGCTTAGCAGGCAGCGGGG	chr11:72726682	+	65	3	0	0	0	5	61.21
142	GCGCTCTGTGCACCTCAAGGAGG	chr11:72697091	-	65	1	0	0	0	5	58.70
143	GCCAGCAGATCCTCGGCTAGGGG	chr11:72698072	+	65	0	0	0	0	5	57.41
144	CCTCGTCCTCAATCTCTGGGTGG	chr11:72696640	+	60	0	0	0	0	5	56.66
145	TCGATGTCTGCCCACACTTGCGG	chr11:72697151	+	55	0	0	0	0	5	55.63
146	CTTACATCTATCAGAAACGATGG	chr11:72711475	-	35	1	0	0	0	5	56.59
147	GGGTGGCCGGACACTCACTTGGG	chr11:72712420	+	65	2	0	0	0	5	57.28
148	TGGGGATGCTGCGCTATCGGTGG	chr11:72727095	-	65	1	0	0	0	5	56.09
149	TGGGGACGCCCTCATAGGCGTGG	chr11:72712439	+	70	2	0	0	0	5	57.07
150	CGGTGCTCCCCTGTAGACACAGG	chr11:72705881	+	65	0	0	0	0	5	54.03
151	CAAAGAGCGGGTGGTAGCGGCGG	chr11:72704175	+	65	1	0	0	0	5	54.40
152	AACTGTCTGGGGACGACCAAGGG	chr11:72712479	-	55	0	0	0	0	5	49.45
153	TGTGGCGCAGCTATTGTGCTGGG	chr11:72712280	+	55	0	0	0	0	5	48.24
154	AAGCTGTACGTGGCCGTGGTCGG	chr11:72710416	-	60	1	0	0	0	5	49.03
155	GTTATCTGCAAGCGCTGTGCAGG	chr11:72707174	-	55	2	0	0	0	5	49.17
156	TGGCCACGCGCACGGCCCGTGGG	chr11:72712523	+	80	2	0	0	0	5	48.29
157	TGCAGCACTCACCGAACTCTGGG	chr11:72714140	+	55	0	0	0	0	5	44.10
158	GCTACAGGACCGCCGGGCCCGGG	chr11:72701652	-	80	1	0	0	0	5	45.00
159	CCCTGTATGTACAGTGTCCTGGG	chr11:72697469	+	50	1	0	0	0	5	44.69
160	TGACCCCCAATGGAGAGATTCGG	chr11:72699464	-	50	0	0	0	0	5	43.64
161	AGTCCCACGGGCCGTGCGCGTGG	chr11:72712526	-	80	4	0	0	0	5	47.35
162	TAGCCGAGGATCTGCTGGCCCGG	chr11:72698068	-	65	0	0	0	0	5	43.30
163	CTAGGGGAGGCACGAATGCCTGG	chr11:72698088	+	65	2	0	0	0	5	45.23
164	ATCGAAGACACAGCGGCTGCTGG	chr11:72697133	-	60	3	0	0	0	5	46.07
165	CACTGTGGCTCACGGTCGGCAGG	chr11:72701709	+	70	1	0	0	0	5	43.84
166	ACCCAGCGGGGCCACTTACCCGG	chr11:72693306	+	70	0	0	0	0	5	41.96
167	CCCGTGGGACTCGGCTCGGTGGG	chr11:72712538	+	75	2	0	0	0	5	43.85
168	ATCGGTGGCCGAGTGGCTGCGGG	chr11:72727080	-	70	1	0	0	0	5	41.56
169	CAGAGCCCTCACGCGTGTCCCGG	chr11:72686147	-	70	1	0	0	0	5	40.48
170	GTGTATTGCTAAGGTGAGCCTGG	chr11:72698995	-	50	1	0	0	0	5	40.23
171	GCTGGACTCGATGAAGCCCCTGG	chr11:72701751	-	65	0	0	0	0	5	36.93
172	CCGTGGGACTCGGCTCGGTGGGG	chr11:72712539	+	75	2	0	0	0	5	38.80
173	CCACAGCTACTCACGGTCTCAGG	chr11:72692739	+	60	1	0	0	0	5	37.51
174	CCGGCTTTGGAGGTATCTCCGGG	chr11:72714173	+	60	1	0	0	0	5	36.53
175	CCAGGTTGTGCACGTTCATCTGG	chr11:72695819	+	55	0	0	0	0	5	35.30
176	CCTCCAGCCAGGTTAGGCGCTGG	chr11:72696989	+	70	1	0	0	0	5	35.37
177	GCTGCCTGCTAAGCGGCATTTGG	chr11:72726678	-	60	1	0	0	0	5	32.28
178	GGAGAACGGCTGTACCTGTTTGG	chr11:72699054	-	55	1	0	0	0	5	30.94
179	GCTGGCCCGAATCTCTCCATTGG	chr11:72699458	+	60	0	0	0	0	5	27.91
180	TAGGCTCAGGCCAGCTTTGTAGG	chr11:72698020	+	55	0	0	0	0	5	27.60
181	TGAGGATGAAGTAGCGATCGTGG	chr11:72693360	+	50	1	0	0	1	4	65.20
182	CTGGAGGCCAAGTACCGTGAGGG	chr11:72704204	-	60	2	0	0	1	4	63.59
183	GGCTTCATCGAGTCCAGCCGAGG	chr11:72701756	+	65	2	0	0	1	4	61.71
184	CACCCGGCGGTGCCACCTGGAGG	chr11:72704220	-	80	1	0	0	1	4	58.44
185	CCTGAAGATGCGGTAGGGCGTGG	chr11:72709869	+	65	0	0	0	1	4	46.17
186	GTGTCACCGACACGGCTGGCTGG	chr11:72693452	+	70	3	0	0	1	4	24.49
187	GTGTCTACAGGGGAGCACCGTGG	chr11:72705878	-	65	1	0	0	0	6	69.81
188	AGCTCAGGACCCCGTCACCAAGG	chr11:72699508	+	65	1	0	0	0	6	65.90
189	CTGCTTGCGGCTCTACAAGGAGG	chr11:72693330	-	60	2	0	0	0	6	65.65
190	ACCTTTGAGGTGTACACGGAGGG	chr11:72699075	-	50	0	0	0	2	3	62.40
191	TGCAGTTTCCGTAGTTGCAGCGG	chr11:72697919	+	50	1	0	0	0	6	62.00
192	GAACTGTCTGGGGACGACCAAGG	chr11:72712480	-	60	0	0	0	0	6	59.81
193	GGCCACCTCCGAGGTAGACAGGG	chr11:72707284	+	65	2	0	0	0	6	60.58
194	TTTGTGCGTGGACCAGACCTGGG	chr11:72697891	-	55	1	0	0	0	6	59.26
195	CCATCTGTCTGGAAGAGCGTGGG	chr11:72695782	+	55	0	0	0	0	6	57.86
196	ACGGGGCTCTTTGAGCAGCATGG	chr11:72727037	-	60	2	0	0	2	3	58.13
197	CTGCGCTATCGGTGGCCGAGTGG	chr11:72727087	-	70	2	0	0	0	6	57.74
198	GACACGCGTGAGGGCTCTGAGGG	chr11:72686151	+	65	0	0	0	0	6	55.01
199	GCACGTTGGCTGCCCAGAAGCGG	chr11:72704280	+	65	0	0	0	0	6	54.24
200	GAACTTCATCATGCCATGCTTGG	chr11:72693430	+	45	1	0	0	0	6	55.07
201	GGGTCCGCGTCCAACCCTGCAGG	chr11:72687502	-	75	1	0	0	0	6	53.63
202	GCTGCGCCACACCCCATGGACGG	chr11:72712268	-	70	0	0	0	0	6	51.72
203	TACAAGGAGGTCCGGGTAAGTGG	chr11:72693317	-	55	2	0	0	0	6	52.79
204	GGCCCTGTCTACCTCGGAGGTGG	chr11:72707286	-	70	2	0	0	0	6	49.93
205	CTTGGTGTCACCGACACGGCTGG	chr11:72693448	+	65	4	0	0	2	3	51.29
206	ATTGTGAAGATGCGCGTGGCTGG	chr11:72695561	-	55	1	0	0	0	6	47.95
207	CTACAAAGAGGTGCCTCGGCTGG	chr11:72701769	-	60	2	0	0	0	6	47.98
208	CTCTGCCGGCAAGCTGCTACAGG	chr11:72701667	-	65	1	0	1	0	4	44.45
209	GCAAGCTGCTACAGGACCGCCGG	chr11:72701659	-	65	1	0	0	0	6	41.63
210	CGCCCAGCGCCTAACCTGGCTGG	chr11:72696992	-	75	4	0	0	0	6	41.05
211	TTCACTGTGGCCCGGTTGACAGG	chr11:72696573	+	60	0	0	0	0	6	31.75
212	GGTCACCTGAAGATGCGGTAGGG	chr11:72709864	+	55	0	0	0	1	5	59.88
213	GCACGTGGATGATGTTTCCTCGG	chr11:72697061	-	50	0	0	0	1	5	53.46
214	CGTGGCCAGTCTGCTGAGCGAGG	chr11:72712508	-	70	1	0	0	1	5	52.74
215	GAGGATGACCACGCCTATGAGGG	chr11:72712447	-	55	0	0	0	1	5	50.64
216	AATGACTCCTCCTCCTTAGTGGG	chr11:72714295	+	45	1	0	0	1	5	50.36
217	CGACAGCGTGTCCCCCATGCTGG	chr11:72697393	+	70	1	0	0	1	5	49.15
218	ACACTACCCAGCCGGACCTCAGG	chr11:72686118	+	65	3	0	0	1	5	45.82
219	TGAAGTCACCGGCATGCTGCAGG	chr11:72695440	+	60	0	0	0	1	5	41.44
220	CCCCCAGGCGGCCCGTCCATGGG	chr11:72712256	+	80	0	0	0	1	5	31.64
221	CTTGCGGTAGATGCCCTCGGAGG	chr11:72697167	+	65	0	0	0	0	7	72.45
222	CTGCACTTTGTCCCCGACCACGG	chr11:72710403	+	60	0	0	0	0	7	68.46
223	GTATTGCTAAGGTGAGCCTGGGG	chr11:72698993	-	50	1	0	0	0	7	69.39
224	TGCACCTGGAGCAGTACACGGGG	chr11:72727054	-	60	0	0	0	0	7	67.00
225	GCGATCGTGGAAGCCACCTGAGG	chr11:72693373	+	65	2	0	0	0	7	64.59
226	CTTTGAGGTCAACGAGAGGGAGG	chr11:72694986	-	55	0	0	0	0	7	62.58
227	ACTGTGGCCCGGTTGACAGGGGG	chr11:72696576	+	65	1	0	0	0	7	62.69
228	GTGCGGAGCAGGCTCATGAGTGG	chr11:72699023	-	65	3	0	0	0	7	63.09
229	AGCCAACGTGCCCCCCAGTGAGG	chr11:72704268	-	70	0	0	0	0	7	59.43
230	CCTCTGGCTCTGTTTGATAGAGG	chr11:72692777	+	50	0	0	0	0	7	58.97
231	GGTGGCCGGACACTCACTTGGGG	chr11:72712421	+	65	2	0	0	0	7	60.13
232	GCTCCGTGCCCATACCTCACCGG	chr11:72726915	-	65	0	0	0	0	7	57.60
233	ACAGAAACACTTATCGAGGTGGG	chr11:72705800	-	40	0	0	0	0	7	56.89
234	GGCTTTGGAGGTATCTCCGGGGG	chr11:72714175	+	60	1	0	0	0	7	57.76
235	CTACAAGGCTGGCCGTGTGGTGG	chr11:72695753	-	65	3	0	0	0	7	59.68
236	ACCATCACTCTCTGCCCGGAAGG	chr11:72711019	+	60	0	0	0	0	7	55.38
237	ACCGCCGGGCCCGGGAAGGTGGG	chr11:72701644	-	80	1	0	0	0	7	53.33
238	CGTGCTGCTCGCCCTCCTTGAGG	chr11:72697079	+	70	0	0	0	0	7	50.94
239	CGAGGCACCTCTTTGTAGGCGGG	chr11:72701774	+	60	1	0	0	0	7	51.76
240	GGGCCAGCAGATCCTCGGCTAGG	chr11:72698070	+	70	0	0	0	0	7	48.10
241	CTAGAGGTGCTAAGGGGTCATGG	chr11:72710368	-	55	1	0	0	0	7	48.64
242	CACCTTCTTGGTCATCACTCTGG	chr11:72713173	+	50	0	0	0	0	7	47.49
243	GGAGGTATCTCCGGGGGGCAGGG	chr11:72714181	+	70	1	0	0	0	7	47.69
244	CTCCGTGCTGTCTTCCCGGAGGG	chr11:72697955	-	65	0	0	0	0	7	45.13
245	AGAGCCCTCACGCGTGTCCCGGG	chr11:72686146	-	70	1	0	0	0	7	45.78
246	TCCGGCGATCCAGGATCTCCAGG	chr11:72695043	+	65	2	0	0	0	7	45.67
247	TGGAATTCCTTCGGAACAACCGG	chr11:72702912	-	45	1	0	0	0	7	44.11
248	GGCCAGCAGATCCTCGGCTAGGG	chr11:72698071	+	65	0	0	0	0	7	41.30
249	GCGGTCCTGTAGCAGCTTGCCGG	chr11:72701662	+	65	1	0	0	0	7	40.55
250	CGTGAGGACCGCAGCCTCCTGGG	chr11:72693407	-	70	2	0	0	0	7	40.88
251	AATGCCGCTTAGCAGGCAGCGGG	chr11:72726681	+	60	2	0	0	0	7	40.56
252	GCCCTGTATGTACAGTGTCCTGG	chr11:72697468	+	55	1	0	0	0	7	35.14
253	AGCGGCTCGGGTGGAGTGGCAGG	chr11:72726824	+	75	0	0	0	0	7	33.22
254	TGCGGCTGCCCCCTGTCAACCGG	chr11:72696584	-	70	0	0	0	0	7	32.73
255	CGCGCACGGCCCGTGGGACTCGG	chr11:72712529	+	80	3	0	0	0	7	35.15
256	ACCAGTACAGGTGGCTGATAAGG	chr11:72696547	+	50	0	0	0	0	7	29.35
257	TGGAGGTATCTCCGGGGGGCAGG	chr11:72714180	+	70	1	0	0	0	7	28.76
258	TGACTACGATGAGGTCCCAGAGG	chr11:72713214	-	55	1	0	0	3	3	75.04
259	TGGACAAGAACCCACCGCAGGGG	chr11:72712195	-	60	0	0	0	1	6	66.42
260	GTGGGTCAAGTGTATTGCTAAGG	chr11:72699004	-	45	1	0	0	1	6	64.79
261	GTCCCCGATGGCAGCCACGTGGG	chr11:72711079	+	70	2	0	0	1	6	59.09
262	TGGGCCCAAACACAATTGCCAGG	chr11:72695801	+	55	0	0	0	1	6	56.91
263	GCCGCTGCCCACCACTACAGAGG	chr11:72726807	-	70	0	0	0	1	6	56.82
264	GCTCTGTTTGATAGAGGATCAGG	chr11:72692783	+	45	1	0	0	1	6	38.22
265	CCGCCTGCTCTGCAAGAGCCAGG	chr11:72702950	+	70	3	0	0	1	6	31.19
266	GGCCCGGGATTTTGAGCGGCTGG	chr11:72698052	-	70	1	0	0	1	6	20.81
267	GCCCAGGAGTACTCACCCATGGG	chr11:72699401	+	60	0	0	0	0	8	66.75
268	CAGAAACACTTATCGAGGTGGGG	chr11:72705799	-	45	0	0	0	0	8	65.07
269	GCACACCTTTGAGGTGTACACGG	chr11:72699079	-	50	2	0	0	0	8	66.48
270	TGAGGCCCTGTCTACCTCGGAGG	chr11:72707289	-	65	1	0	0	0	8	64.46
271	AACTGCAGGAGCTTTGTGCGTGG	chr11:72697903	-	55	0	0	0	0	8	62.59
272	CTACGATGAGGTCCCAGAGGAGG	chr11:72713211	-	60	1	0	0	0	8	60.89
273	GCAACGTGAAGGAAGTGGACCGG	chr11:72709908	-	55	0	0	0	2	5	59.23
274	AAGCCACTGTGGCTCACGGTCGG	chr11:72701705	+	60	4	0	0	0	8	63.17
275	TCTTTCCCACCCAGAGATTGAGG	chr11:72696646	-	50	0	0	0	0	8	55.85
276	CCCATCTGTCTGGAAGAGCGTGG	chr11:72695781	+	60	0	0	0	0	8	55.78
277	CAAGAATCTAGAGGTGCTAAGGG	chr11:72710375	-	40	2	0	0	0	8	56.45
278	GACATGGGCATGCTACTCCCTGG	chr11:72726965	-	60	1	0	0	0	8	54.57
279	TCAGAGTCACCGGCCTGAGAAGG	chr11:72688519	-	60	1	0	0	0	8	54.26
280	TAGTGTGCGTCCCTGGCCAGTGG	chr11:72695699	-	65	1	0	0	0	8	52.43
281	CACAGCTACTCACGGTCTCAGGG	chr11:72692740	+	55	1	0	0	0	8	52.12
282	ACTCCTCCTCCTTAGTGGGCAGG	chr11:72714299	+	60	0	0	0	0	8	51.10
283	TCACTGTGGCCCGGTTGACAGGG	chr11:72696574	+	60	0	0	0	0	8	50.07
284	CAGGAAGCGCTTGAGCGCCGAGG	chr11:72697044	+	70	2	0	0	0	8	51.93
285	TACAGCTGGGGAATGGCGCTGGG	chr11:72704305	-	60	0	0	0	0	8	49.93
286	GCCCAGGACACTGTACATACAGG	chr11:72697470	-	55	1	0	0	0	8	48.60
287	CCTCACGGTACTTGGCCTCCAGG	chr11:72704205	+	65	2	0	0	0	8	47.26
288	ACTCACCGAACTCTGGGAACAGG	chr11:72714146	+	55	0	0	0	0	8	45.21
289	CAGATAAGCGCTAGAGAGCCGGG	chr11:72710505	+	55	1	0	0	0	8	45.09
290	CAGAGCGCGCATCCTGCCGCAGG	chr11:72697106	+	75	0	0	0	0	8	43.92
291	AGAGCGCCCCCTGCACTTTGCGG	chr11:72693785	-	65	0	0	0	0	8	41.13
292	AGGGTGGCCGGACACTCACTTGG	chr11:72712419	+	65	2	0	0	0	8	41.93
293	TGCAGGGGCCGGTGAGGTATGGG	chr11:72726907	+	65	0	0	0	0	8	39.25
294	ATCTCCCACGTGGCTGCCATCGG	chr11:72711083	-	60	2	0	0	0	8	39.76
295	GTGGCTGCGGGCATTGCACCTGG	chr11:72727068	-	70	0	0	0	0	8	37.16
296	CTCCAGCCAGGTTAGGCGCTGGG	chr11:72696990	+	65	1	0	0	0	8	38.15
297	ACCCCATGGACGGGCCGCCTGGG	chr11:72712258	-	75	0	0	0	0	8	32.96
298	CTGGACAAGAACCCACCGCAGGG	chr11:72712196	-	60	0	0	0	1	7	63.87
299	AAGCTGGCCTGAGCCTACAGCGG	chr11:72698014	-	60	0	0	0	1	7	59.21
300	CCACCACATAGTGGTTAATGAGG	chr11:72695726	+	45	3	0	0	1	7	58.02
301	TCAGAGCAGCCTGACCGCGCTGG	chr11:72710467	-	70	1	0	0	1	7	54.26
302	AGACAGAGGGTCCGCGGTGAAGG	chr11:72686042	+	65	0	0	0	1	7	48.39
303	GCCCACCACTACAGAGGATGAGG	chr11:72726801	-	60	0	0	0	1	7	48.17
304	GGCGTCCCCAAGTGAGTGTCCGG	chr11:72712426	-	65	2	0	0	1	7	47.98
305	CACCCATGGGTGAGTACTCCTGG	chr11:72699403	-	60	0	0	0	1	7	42.93
306	CACCAGCAGCTCTCGGTACCTGG	chr11:72696605	+	65	0	0	0	1	7	41.26
307	GCCCGTGGGACTCGGCTCGGTGG	chr11:72712537	+	80	2	0	0	1	7	40.52
308	TTCCTGCGCGACCTGCCTGATGG	chr11:72697027	-	65	0	0	0	1	7	35.50
309	CACCCCATGGACGGGCCGCCTGG	chr11:72712259	-	80	0	0	0	1	7	20.22
310	GCTTAGAGTAAGCGTCCTGGGGG	chr11:72711126	+	55	1	0	0	0	9	69.29
311	CATGCTTGGTGTCACCGACACGG	chr11:72693444	+	55	2	0	0	0	9	69.91
312	ACTGTCTGGGGACGACCAAGGGG	chr11:72712478	-	60	0	0	0	0	9	65.88
313	TGGGATCAACTGCTTCTCGGGGG	chr11:72702992	-	55	0	0	0	0	9	63.44
314	GATAGATGTAAGATCTGGAGAGG	chr11:72711486	+	40	0	0	0	0	9	62.72
315	GATGCGCTCGGCCACCTCCGAGG	chr11:72707275	+	75	0	0	0	0	9	62.26
316	AGCATATCAAGGTAGGTGCTGGG	chr11:72695375	-	45	0	0	0	0	9	61.02
317	TCCGCCACTAGCGAGAGATGAGG	chr11:72712333	+	60	2	0	0	0	9	60.87
318	AGTCAGCACAGAACCTGTTGGGG	chr11:72707241	+	50	1	0	0	0	9	59.07
319	TCATTTTCACTACCTCGAAGGGG	chr11:72686085	+	40	0	0	0	0	9	57.58
320	CCATCAGGCGGGTGTCGCTGAGG	chr11:72726987	+	70	0	0	0	0	9	55.64
321	TGTCAACCGGGCCACAGTGAAGG	chr11:72696571	-	60	0	0	0	0	9	55.56
322	CTGCCCGGAAGGCAAAGGTTCGG	chr11:72711030	+	60	2	0	0	0	9	56.85
323	CTCTGTTTGATAGAGGATCAGGG	chr11:72692784	+	40	1	0	0	0	9	55.10
324	CTCTAAGCGCTTTATCTCTGTGG	chr11:72711111	-	45	0	0	0	0	9	53.01
325	TCCCAGCCGCTCAAAATCCCGGG	chr11:72698050	+	60	1	0	0	0	9	53.10
326	CTTTGTAGGCGGGGAAAGGATGG	chr11:72701784	+	55	0	0	0	0	9	47.98
327	TAAGAGTCTCAAAGTCTACCTGG	chr11:72688486	-	40	2	0	0	0	9	49.02
328	CTCGGAGGTCAGGCCTAGGGAGG	chr11:72697182	+	70	3	0	0	2	6	49.64
329	GGCGGCCCGTCCATGGGGTGTGG	chr11:72712262	+	80	0	0	0	0	9	45.75
330	CTGTAGCAGCTTGCCGGCAGAGG	chr11:72701668	+	65	1	0	0	2	6	46.04
331	AGAGCCCCGTGTACTGCTCCAGG	chr11:72727050	+	65	2	0	0	0	9	45.73
332	AGCCGGCGCTGGTGTGTCCTTGG	chr11:72699525	-	70	1	0	0	0	9	41.65
333	GTCACCGACACGGCTGGCTGGGG	chr11:72693454	+	70	1	0	0	0	9	39.96
334	GCCCGGGATTTTGAGCGGCTGGG	chr11:72698051	-	65	1	0	0	0	9	38.13
335	GGTCCGGTGCGGGGCGGCACGGG	chr11:72726638	+	85	1	0	0	0	9	35.44
336	ACTTTGACAGTAACAAGGTGAGG	chr11:72711424	-	40	0	0	0	1	8	65.17
337	ACCCATGGGTGAGTACTCCTGGG	chr11:72699402	-	55	0	0	0	1	8	61.55
338	CACCGACACGGCTGGCTGGGGGG	chr11:72693456	+	75	1	0	0	1	8	61.37
339	ATTGCACCTGGAGCAGTACACGG	chr11:72727056	-	50	0	0	0	1	8	56.81
340	TGCCGCTTAGCAGGCAGCGGGGG	chr11:72726683	+	70	4	0	0	1	8	49.30
341	GACCCCCAATGGAGAGATTCGGG	chr11:72699463	-	55	0	0	0	1	8	41.69
342	TGGCGCTGGGAACCGCTTCTGGG	chr11:72704292	-	65	0	0	0	1	8	36.90
343	GGCAGACATCGAAGACACAGCGG	chr11:72697140	-	55	0	0	0	0	10	77.36
344	ACTCACAGACAGAGGGTCCGCGG	chr11:72686036	+	60	0	0	0	0	10	65.61
345	TTGCACCTGGAGCAGTACACGGG	chr11:72727055	-	55	0	0	0	0	10	59.71
346	ATCAGCCACCTGTACTGGTGAGG	chr11:72696543	-	55	1	0	0	0	10	59.51
347	GGTCCCCGATGGCAGCCACGTGG	chr11:72711078	+	75	2	0	0	2	7	60.23
348	CTCGTCCTCAATCTCTGGGTGGG	chr11:72696641	+	55	0	0	0	2	7	55.97
349	GCCCTCGGAGGTCAGGCCTAGGG	chr11:72697179	+	70	3	0	0	0	10	57.01
350	TGCGGAGCCTGAAGATGGACAGG	chr11:72705832	-	60	1	0	0	0	10	53.46
351	GGCACTCAGTGGCCCACACCAGG	chr11:72727014	+	70	2	0	0	0	10	53.69
352	GTCACACCAGTCATCAAGGCTGG	chr11:72712223	-	55	4	0	0	0	10	55.59
353	GCGGCTGCCCCCTGTCAACCGGG	chr11:72696583	-	75	0	0	0	2	7	49.69
354	ACAAGAATCTAGAGGTGCTAAGG	chr11:72710376	-	40	2	0	0	0	10	49.86
355	CAGCAGACTGGCCACGCGCACGG	chr11:72712515	+	70	1	0	0	0	10	48.57
356	CCACACCAGGCCGTCATGCTGGG	chr11:72686174	+	65	0	0	0	0	10	46.55
357	GCGTGGCTGGCACTGCCAGTGGG	chr11:72695548	-	70	6	0	0	0	10	51.95
358	CTAGCGAGAGATGAGGGGATGGG	chr11:72712340	+	55	2	0	0	0	10	47.34
359	CACTCCTTCCGCTCCACTGCAGG	chr11:72710572	+	65	0	0	0	0	10	44.89
360	CGCTGAGGCCCTGTCTACCTCGG	chr11:72707292	-	65	2	0	0	0	10	46.88
361	AGTACTCACCCATGGGTGTCAGG	chr11:72699408	+	55	2	0	0	0	10	45.23
362	CGCTGCAGATGGAATTCCTTCGG	chr11:72702921	-	50	0	0	0	0	10	42.88
363	CTGCAGCACTCACCGAACTCTGG	chr11:72714139	+	60	0	0	0	0	10	42.84
364	GGAGGTGGCCGAGCGCATCTGGG	chr11:72707271	-	70	0	0	0	0	10	42.49
365	TGGTCACCGCCGCCGCATCCTGG	chr11:72726945	-	75	0	0	0	2	7	42.37
366	TGTAGTCCTGCCCATCTGTCTGG	chr11:72695771	+	55	0	0	0	0	10	38.15
367	TACAGGGGAGCACCGTGGCCTGG	chr11:72705873	-	70	1	0	0	0	10	32.43
368	CGAGCGGCGGCTGGACTTCATGG	chr11:72697446	-	70	1	0	0	0	10	27.81
369	ATGGCGCTGGGAACCGCTTCTGG	chr11:72704293	-	65	0	0	0	0	10	9.42
370	GAGCTACTTTGAGAATGAGCGGG	chr11:72699490	-	45	0	0	0	1	9	59.58
371	ACTCACCCATGGGTGTCAGGAGG	chr11:72699411	+	60	2	0	0	1	9	59.13
372	CACACCAGGCCGTCATGCTGGGG	chr11:72686175	+	65	0	0	0	1	9	56.35
373	GAGCCCCTCATCCTCTGTAGTGG	chr11:72726796	+	60	1	0	0	1	9	54.68
374	CATGCCCATGTCCATCAGGCGGG	chr11:72726976	+	60	1	0	0	1	9	54.59
375	TTTCATTTTCACTACCTCGAAGG	chr11:72686083	+	35	0	0	0	1	9	52.75
376	GCATCAGGGAGAAGGACTATTGG	chr11:72695014	-	50	0	0	0	1	9	47.43
377	GGTACTCCTGGAGGGCAGATGGG	chr11:72709970	+	60	1	0	0	1	9	47.99
378	GTAGCATGCCCATGTCCATCAGG	chr11:72726972	+	55	2	0	0	1	9	48.81
379	CGCGTGGCTGGCACTGCCAGTGG	chr11:72695549	-	75	6	0	0	1	9	48.89
380	AGCGCTAGAGAGCCGGGCCCGGG	chr11:72710511	+	75	2	0	0	1	9	39.56
381	ACTGAGTAGTGCTTTTCCAGGGG	chr11:72701735	+	45	0	0	0	2	8	67.66
382	TCAGCCACCTGTACTGGTGAGGG	chr11:72696542	-	55	1	0	0	0	11	65.54
383	CCGGCGATCCAGGATCTCCAGGG	chr11:72695044	+	65	2	0	0	0	11	65.56
384	CTTCAAGAATAAGCTGTACGTGG	chr11:72710426	-	40	0	0	0	0	11	63.26
385	TCCTTTCCCCGCCTACAAAGAGG	chr11:72701781	-	55	0	0	0	2	8	63.21
386	CACTAAACACCACCACATAGTGG	chr11:72695717	+	45	0	0	0	0	11	62.01
387	GCTCCGTGCTGTCTTCCCGGAGG	chr11:72697956	-	70	0	0	0	0	11	61.68
388	CCTTCTCCGCAAAGTGCAGGGGG	chr11:72693779	+	60	0	0	0	0	11	59.24
389	CCCCAGGCGGCCCGTCCATGGGG	chr11:72712257	+	80	0	0	0	2	8	59.13
390	CCAGCGCCGGCTGAACTCTGGGG	chr11:72699536	+	70	1	0	0	0	11	59.87
391	AACTCTGGGAACAGGCGTACCGG	chr11:72714154	+	55	0	0	0	0	11	58.05
392	TGGTGAGGTCGAAGCTGCGCCGG	chr11:72709889	+	65	0	0	1	0	9	53.02
393	CTCCCACGTGGCTGCCATCGGGG	chr11:72711081	-	70	2	0	0	0	11	53.94
394	GCTCATTCTCAAAGTAGCTCAGG	chr11:72699493	+	45	1	0	0	0	11	50.19
395	TCTTGAAGCCACGAAGCTCCAGG	chr11:72710441	+	55	1	0	0	0	11	49.35
396	TCAGAAACGATGGGTGAGACTGG	chr11:72711465	-	50	0	0	0	0	11	47.18
397	GGCCTCACTCACCCCTGCGGTGG	chr11:72712184	+	75	1	0	0	2	8	47.04
398	GTGAGGTATGGGCACGGAGCAGG	chr11:72726918	+	65	2	0	0	0	11	45.68
399	CGTGCCCAGCCCGTGCAGGATGG	chr11:72693750	+	75	1	0	0	0	11	43.99
400	GTGCCCAGCCCGTGCAGGATGGG	chr11:72693751	+	70	1	0	0	0	11	43.03
401	TGTAGTGGTGGGCAGCGGCTCGG	chr11:72726811	+	65	0	0	0	0	11	39.83
402	GGTAGATGCCCTCGGAGGTCAGG	chr11:72697172	+	65	2	0	0	0	11	41.53
403	TTACAGCTGGGGAATGGCGCTGG	chr11:72704306	-	60	1	0	0	0	11	37.46
404	CAAAGTGCAGGGGGCGCTCTGGG	chr11:72693788	+	65	0	0	0	0	11	35.97
405	GGCCAGCGAGATTGTGTGCCTGG	chr11:72699442	-	65	0	0	0	0	11	34.84
406	GGCGGGTGTCGCTGAGGCCTTGG	chr11:72726993	+	75	0	0	0	0	11	33.90
407	CGCTTCATGGGCACAGGCCGTGG	chr11:72726872	+	70	0	0	0	0	11	27.93
408	CGGAGGTGGCCGAGCGCATCTGG	chr11:72707272	-	75	0	0	0	2	8	23.65
409	GGTGCTCCCCTGTAGACACAGGG	chr11:72705882	+	60	0	0	0	1	10	69.11
410	GTCAGCACAGAACCTGTTGGGGG	chr11:72707242	+	55	1	0	0	1	10	68.09
411	GCGCTGGCGTCTCCAAGGTGCGG	chr11:72705850	-	70	0	0	0	1	10	62.02
412	GAGGCCATGCTGCTGTACCTGGG	chr11:72693691	-	60	0	0	0	1	10	56.21
413	ACCTTCTCCGCAAAGTGCAGGGG	chr11:72693778	+	55	0	0	0	1	10	55.17
414	TGTATTGCTAAGGTGAGCCTGGG	chr11:72698994	-	45	1	0	0	1	10	55.53
415	TACGATGAGGTCCCAGAGGAGGG	chr11:72713210	-	55	1	0	0	1	10	55.29
416	CATCTTCAGGCTCCGCACCTTGG	chr11:72705838	+	60	0	0	1	1	8	50.40
417	GCAGTGCCTGAGGTCCGGCTGGG	chr11:72686124	-	70	3	0	0	1	10	51.74
418	CTGGCCACGCGCACGGCCCGTGG	chr11:72712522	+	85	2	0	0	1	10	47.39
419	CTCAGCGATGGCTCCCTGCATGG	chr11:72707308	+	65	0	0	0	1	10	45.12
420	GGCCTCACTGGGGGGCACGTTGG	chr11:72704266	+	75	1	0	0	1	10	43.57
421	GGCTGGGATCAACTGCTTCTCGG	chr11:72702995	-	55	0	0	0	1	10	23.94
422	AGATGACTCTGACTACGATGAGG	chr11:72713223	-	45	0	0	0	0	12	69.41
423	GAAAGCAGCCGCCAGCATGGGGG	chr11:72697404	-	65	0	0	0	2	9	68.09
424	AGTCAGCCCACAGCTACTCACGG	chr11:72692732	+	55	1	0	0	0	12	64.96
425	GTAGTGAAAATGAAATGCGCCGG	chr11:72686075	-	40	0	0	0	0	12	63.23
426	AGGGCATCTACCGCAAGTGTGGG	chr11:72697161	-	55	0	0	0	0	12	60.88
427	CAGAGTGATGACCAAGAAGGTGG	chr11:72713172	-	50	0	0	0	0	12	59.08
428	TGCCCAGGAGTACTCACCCATGG	chr11:72699400	+	60	0	0	0	0	12	56.85
429	CCAGTCCCAGCTTACCAGGTGGG	chr11:72688440	+	60	0	0	0	0	12	56.57
430	TCCTCCTGGTTGCCAAAGAGCGG	chr11:72704162	+	55	0	0	0	0	12	53.50
431	TGCCCCCTCCTGACACCCATGGG	chr11:72699416	-	65	0	0	0	0	12	53.11
432	GAAAGGTAGCGAACCACTCCCGG	chr11:72687450	+	55	1	0	0	0	12	52.08
433	GCCGCAAGCAGCTGCTGTTGAGG	chr11:72693342	+	65	2	0	0	0	12	52.35
434	CACCTTCTCCGCAAAGTGCAGGG	chr11:72693777	+	55	0	0	0	0	12	50.13
435	GGCCACCCACCTGGTAAGCTGGG	chr11:72688445	-	65	1	0	0	0	12	51.04
436	CAATGACTCCTCCTCCTTAGTGG	chr11:72714294	+	50	1	0	0	0	12	50.00
437	TGCCACGCTCACCTGTGGTCCGG	chr11:72702893	+	65	1	0	0	0	12	46.16
438	CAGCTGCTTGCGGCTCTACAAGG	chr11:72693333	-	60	2	0	0	0	12	46.90
439	TAACCCCTCCACAGCCATCCAGG	chr11:72697641	-	60	0	0	0	0	12	44.21
440	GCCTTGATGACTGGTGTGACGGG	chr11:72712226	+	55	2	0	0	0	12	45.47
441	TGCTCCCCAGCATGACGGCCTGG	chr11:72686179	-	70	1	0	0	0	12	40.06
442	GCCACACCAGGCCGTCATGCTGG	chr11:72686173	+	70	0	0	0	0	12	37.41
443	GTAGTGGTGGGCAGCGGCTCGGG	chr11:72726812	+	70	0	0	0	0	12	33.49
444	CAGGTGGCACCGCCGGGTGCTGG	chr11:72704224	+	80	3	0	0	2	9	20.89
445	CTTGATGACTGGTGTGACGGGGG	chr11:72712228	+	55	1	0	0	1	11	68.30
446	GCTGATAAGGGCCTTCACTGTGG	chr11:72696560	+	55	2	0	0	1	11	65.11
447	CCCCTCATCCTCTGTAGTGGTGG	chr11:72726799	+	60	0	0	0	1	11	45.33
448	TCTTGGTCATCACTCTGGCTGGG	chr11:72713178	+	50	0	0	0	1	11	43.58
449	CAGCACCCGGCGGTGCCACCTGG	chr11:72704223	-	80	2	0	0	1	11	41.94
450	CAACTGAGTAGTGCTTTTCCAGG	chr11:72701733	+	45	0	0	0	1	11	37.68
451	ACAACCTGGCAATTGTGTTTGGG	chr11:72695805	-	40	0	0	0	1	11	34.85
452	CACGGTACTTGGCCTCCAGGTGG	chr11:72704208	+	65	2	0	0	0	13	65.51
453	TCGTCCCTCACCAGTACAGGTGG	chr11:72696538	+	60	0	0	0	0	13	62.17
454	TGCGGAGCAGGCTCATGAGTGGG	chr11:72699022	-	60	3	0	0	0	13	60.27
455	TCCGGGCAGAGAGTGATGGTGGG	chr11:72711016	-	60	0	0	0	2	10	57.16
456	GACAGATGGGCAGGACTACAAGG	chr11:72695768	-	55	0	0	0	0	13	52.88
457	CTGCGCCACACCCCATGGACGGG	chr11:72712267	-	70	0	0	0	0	13	52.17
458	GTCTCAGGGGCCCCGCTCCACGG	chr11:72692754	+	75	0	0	0	0	13	51.94
459	CCAGTACAGGTGGCTGATAAGGG	chr11:72696548	+	50	0	0	0	0	13	51.10
460	CAATGCCCAGGTGGTACTCCTGG	chr11:72709958	+	60	0	0	0	0	13	47.92
461	ATCCCGGGCCAGCAGATCCTCGG	chr11:72698065	+	65	0	0	0	2	10	47.46
462	GGTCTGGCCCTGTGTCTACAGGG	chr11:72705889	-	60	3	0	0	0	13	46.94
463	TGCCCTCGGAGGTCAGGCCTAGG	chr11:72697178	+	70	2	0	0	0	13	38.49
464	CAGCTTTGAGCACACCTTTGAGG	chr11:72699088	-	50	0	0	0	0	13	34.71
465	GCCTGACCGCGCTGGCAGCCTGG	chr11:72710459	-	80	1	0	0	2	10	33.93
466	GCTTATCTGCTGGGAGTTCCAGG	chr11:72710491	-	55	1	0	0	0	13	30.87
467	TGGCATGATGAAGTTCCGTGAGG	chr11:72693423	-	50	2	0	0	1	12	75.08
468	GCATGCCCATGTCCATCAGGCGG	chr11:72726975	+	60	1	0	0	1	12	65.26
469	AGGTGAGTGGATGCCACCCAGGG	chr11:72726599	-	60	1	0	0	1	12	60.25
470	TGGCCCGAATCTCTCCATTGGGG	chr11:72699460	+	55	0	0	0	1	12	59.06
471	TGCCCAGGTGGTACTCCTGGAGG	chr11:72709961	+	65	2	0	0	1	12	58.33
472	TTCATTTTCACTACCTCGAAGGG	chr11:72686084	+	35	0	0	0	1	12	50.71
473	GGTGGCACCGCCGGGTGCTGGGG	chr11:72704226	+	80	3	0	0	1	12	53.59
474	GTGAGCCACGGCCTCCCTGAGGG	chr11:72697575	-	70	2	0	0	3	9	45.81
475	AGCCTTCACCTGGGTCCCACTGG	chr11:72695533	+	65	3	0	0	1	12	43.35
476	GCTGAGACCCAGGCGCTCCTGGG	chr11:72703024	-	70	4	0	0	1	12	42.28
477	GGGTCTGGCCCTGTGTCTACAGG	chr11:72705890	-	65	2	0	0	1	12	29.80
478	TCAGTGACACACTACCCAGCCGG	chr11:72686110	+	55	1	0	0	0	14	64.43
479	CCTACCCAGGTACAGCAGCATGG	chr11:72693687	+	60	1	0	0	2	11	64.16
480	CAGCATGGGGGACACGCTGTCGG	chr11:72697392	-	65	1	0	0	2	11	58.82
481	AGGCCGGTGACTCTGAGGTAGGG	chr11:72688526	+	60	1	0	0	0	14	54.97
482	CTCTACAAGACTGCCTCTGCCGG	chr11:72701681	-	55	0	0	0	0	14	51.03
483	TCGGAGGTCAGGCCTAGGGAGGG	chr11:72697183	+	65	3	0	0	0	14	53.48
484	GTTCGGTGAGTGCTGCAGCCAGG	chr11:72714134	-	65	0	0	0	0	14	50.45
485	TCACCTCACCAGCAGGCGGGGGG	chr11:72726616	+	70	0	0	0	2	11	50.37
486	CGCAGCTATTGTGCTGGGCAAGG	chr11:72712285	+	60	1	0	0	0	14	50.77
487	CCTTGGAGACGCCAGCGCCCAGG	chr11:72705855	+	75	0	0	0	0	14	49.45
488	CAGTCAGCACAGAACCTGTTGGG	chr11:72707240	+	50	1	0	0	0	14	40.99
489	TCCTCCGGGGCGGGATGGGTGGG	chr11:72726765	+	75	0	0	0	0	14	39.25
490	AGGCGGGGGGGTCCGGTGCGGGG	chr11:72726629	+	85	0	0	0	0	14	30.11
491	CGCTGTCGGAGCAGCAGCTTGGG	chr11:72697378	-	65	0	0	0	0	14	29.68
492	ATCTCCTCCTTGGTCCTTGCAGG	chr11:72695097	-	55	1	0	0	0	14	26.34
493	CATGCAGGGAGCCATCGCTGAGG	chr11:72707307	-	65	0	0	0	1	13	63.65
494	CCTCAGCAGTCATGGATGCTGGG	chr11:72695073	+	55	1	0	0	1	13	53.47
495	CAGAAAGCAGCCGCCAGCATGGG	chr11:72697406	-	60	0	0	0	3	10	49.55
496	CGCTGGTGTGTCCTTGGTGACGG	chr11:72699519	-	60	1	0	0	1	13	40.04
497	GCTGCCCATCCTGCACGGGCTGG	chr11:72693755	-	75	2	0	0	1	13	30.26
498	ACCCACCTTCCCGGGCCCGGCGG	chr11:72701643	+	80	1	0	0	0	15	61.45
499	TGAAGGTGATGCCAATGCCCAGG	chr11:72709946	+	55	0	0	0	0	15	59.56
500	CCTCTCGTTGACCTCAAAGCAGG	chr11:72694990	+	55	0	0	0	4	9	55.78
501	CACAGATGGAGCTCCGGGAGTGG	chr11:72687463	-	65	2	0	0	2	12	54.48
502	TTCTCCTGCAGTGGAGCGGAAGG	chr11:72710576	-	60	0	0	0	0	15	52.40
503	GCCTCCGCTGGCAGGAACCATGG	chr11:72727125	-	70	0	0	0	0	15	52.31
504	GACTGCTGAGGAGCTCACCCTGG	chr11:72695061	-	65	1	0	0	0	15	52.06
505	GATGACTGGTGTGACGGGGGTGG	chr11:72712231	+	65	2	0	0	2	12	52.48
506	TTCCGCTCCACTGCAGGAGAAGG	chr11:72710578	+	60	1	0	0	0	15	48.68
507	CGCTCTGTGCACCTCAAGGAGGG	chr11:72697090	-	60	1	0	0	2	12	48.16
508	CGCCTGCTCTGCAAGAGCCAGGG	chr11:72702951	+	65	4	0	1	0	13	43.75
509	AGCGAGGGAGAGGAACTGTCTGG	chr11:72712492	-	60	0	0	0	0	15	39.08
510	CTTCATCTGCACAGTGTATCTGG	chr11:72695422	-	45	0	0	0	0	15	31.08
511	GCCCAGGTGGTACTCCTGGAGGG	chr11:72709962	+	65	2	0	0	1	14	62.35
512	CCTGGTTGCCAAAGAGCGGGTGG	chr11:72704166	+	65	0	0	0	1	14	58.67
513	TAGGCCACTCCTTCTCAGGCCGG	chr11:72688510	+	60	0	0	0	1	14	58.61
514	GAGGGCATCTACCGCAAGTGTGG	chr11:72697162	-	60	0	0	0	1	14	56.23
515	ACTCTCTGCCCGGAAGGCAAAGG	chr11:72711025	+	60	2	0	0	1	14	54.90
516	CTTGGTCATCACTCTGGCTGGGG	chr11:72713179	+	55	0	0	0	1	14	50.14
517	GCAAAGTGCAGGGGGCGCTCTGG	chr11:72693787	+	70	0	0	0	3	11	27.97
518	TTGTGATCACTTCAAACTTCTGG	chr11:72711057	+	35	0	0	0	1	14	27.40
519	GAGTGTGGCTGCCTTCACCGCGG	chr11:72686053	-	65	1	0	0	0	16	74.39
520	TGGTACCTGCACAAACAGAAAGG	chr11:72687433	+	45	0	0	0	0	16	66.13
521	AAGAATCTAGAGGTGCTAAGGGG	chr11:72710374	-	40	2	0	0	2	13	66.06
522	AAAGTGCAGGGGGCGCTCTGGGG	chr11:72693789	+	65	0	0	0	0	16	63.09
523	GTCACCGGCCTGAGAAGGAGTGG	chr11:72688514	-	65	0	0	0	2	13	58.34
524	TTCTCAGGCCGGTGACTCTGAGG	chr11:72688521	+	60	1	0	0	0	16	58.48
525	GGGCCGGTGAGGTATGGGCACGG	chr11:72726912	+	70	0	0	0	0	16	57.42
526	AGGTGTACACGGAGGGAGAACGG	chr11:72699068	-	55	0	0	0	2	13	56.52
527	GATGGGCAGGACTACAAGGCTGG	chr11:72695764	-	60	2	0	0	0	16	57.35
528	GCCTTCCGGGCAGAGAGTGATGG	chr11:72711020	-	65	1	0	0	0	16	53.77
529	ACCTCTTTGTAGGCGGGGAAAGG	chr11:72701780	+	55	0	0	0	0	16	52.04
530	CGTGTCCCGGGCAGTGCCTGAGG	chr11:72686134	-	75	1	0	0	0	16	52.64
531	GCTGGGCACGGACAGCCACCTGG	chr11:72693737	-	75	0	0	0	2	13	50.05
532	AGGCTCAGGCCAGCTTTGTAGGG	chr11:72698021	+	55	0	0	1	0	14	47.05
533	CTCACCTCACCAGCAGGCGGGGG	chr11:72726615	+	70	0	0	0	0	16	46.68
534	TATGTACAGTGTCCTGGGCCAGG	chr11:72697474	+	55	0	0	0	0	16	45.81
535	ACTAGCGAGAGATGAGGGGATGG	chr11:72712339	+	55	2	0	0	0	16	47.07
536	TCCTCCTTAGTGGGCAGGCTGGG	chr11:72714304	+	60	0	0	0	0	16	42.41
537	GGCTGGGGATGCTGCGCTATCGG	chr11:72727098	-	65	1	0	1	2	11	42.57
538	TGCGGTGAGCCCTGCCCCTAGGG	chr11:72697304	-	70	2	0	0	0	16	41.57
539	TAAGGTGAGCCTGGGGTAGCAGG	chr11:72698986	-	60	1	0	0	0	16	33.01
540	GCTGAACTCTGGGGAGAATTTGG	chr11:72699545	+	50	0	0	0	2	13	21.71
541	TCACAGCAGAGGTACCTGCAGGG	chr11:72687488	+	55	1	0	0	1	15	73.24
542	GCTGGACAAGAACCCACCGCAGG	chr11:72712197	-	65	0	0	0	1	15	54.71
543	AGTGTGCGTCCCTGGCCAGTGGG	chr11:72695698	-	65	1	0	0	1	15	53.98
544	AGCTGGCCTGAGCCTACAGCGGG	chr11:72698013	-	65	0	0	0	1	15	49.15
545	TGCCAAAGAGCGGGTGGTAGCGG	chr11:72704172	+	60	0	0	0	1	15	47.39
546	TCAAACAGAGCCAGAGGCCGTGG	chr11:72692771	-	60	2	0	0	1	15	47.67
547	CTAACCTGGCTGGAGGCCTCAGG	chr11:72696982	-	65	3	0	0	1	15	46.95
548	GGGGCTCCTCAGACTGTGGCTGG	chr11:72714248	+	70	1	0	0	1	15	27.21
549	CACAACCTGGCAATTGTGTTTGG	chr11:72695806	-	45	0	0	1	1	13	25.50
550	AGATGCGGTAGGGCGTGGTGAGG	chr11:72709874	+	65	0	0	0	0	17	66.18
551	GCTGTCGGAGCAGCAGCTTGGGG	chr11:72697377	-	65	0	0	0	2	14	62.76
552	AGAGTGATGACCAAGAAGGTGGG	chr11:72713171	-	45	0	0	0	0	17	61.30
553	GCTCTTCCAGACAGATGGGCAGG	chr11:72695777	-	60	0	0	0	0	17	54.85
554	GCCATGGTTCCTGCCAGCGGAGG	chr11:72727124	+	70	0	0	0	2	14	54.42
555	ACCCACCGCAGGGGTGAGTGAGG	chr11:72712186	-	70	1	0	0	0	17	55.28
556	GGATGCGGCGGCGGTGACCAGGG	chr11:72726948	+	75	0	0	0	0	17	54.24
557	TGCCCCCGCTGCCTGCTAAGCGG	chr11:72726685	-	70	3	0	0	0	17	57.17
558	CAGGCCGGTGACTCTGAGGTAGG	chr11:72688525	+	65	1	0	0	0	17	54.56
559	TCCCTAGGCCTGACCTCCGAGGG	chr11:72697180	-	65	3	0	0	0	17	56.46
560	TCAGGCCAGCTTTGTAGGGTAGG	chr11:72698025	+	55	0	0	1	0	15	53.13
561	GAGCCTACAGCGGGCCCAGGAGG	chr11:72698004	-	75	0	0	0	0	17	47.90
562	TGTCCGTGCCCAGCCCGTGCAGG	chr11:72693746	+	75	1	0	0	0	17	46.86
563	TGCTGGGCAAGGACAAGCTCAGG	chr11:72712296	+	60	1	0	0	0	17	46.03
564	TCTCCCTGATGCCCACGTTCCGG	chr11:72695025	+	60	0	0	0	0	17	44.72
565	CATGGCTGAGCAGCGTGCCCGGG	chr11:72710528	-	70	1	0	0	2	14	43.10
566	GCTGGTGTGTCCTTGGTGACGGG	chr11:72699518	-	60	1	0	0	2	14	41.69
567	CGCCCCTTCCCAGGTGGATGAGG	chr11:72695619	-	70	0	0	0	2	14	40.66
568	TCCTCAGCAGTCATGGATGCTGG	chr11:72695072	+	55	0	0	0	2	14	39.14
569	CCGGGCACGCTGCTCAGCCATGG	chr11:72710529	+	75	2	0	0	0	17	40.87
570	ACAGGGGAGCACCGTGGCCTGGG	chr11:72705872	-	70	1	0	0	0	17	38.79
571	TAGACTTTGAGACTCTTAATAGG	chr11:72688491	+	30	2	0	0	2	14	35.45
572	GCTTGCAGATAACAACACAGAGG	chr11:72707184	+	45	0	0	0	1	16	81.28
573	AGAAAGCAGCCGCCAGCATGGGG	chr11:72697405	-	60	0	0	0	1	16	56.73
574	GAACGTGGGCATCAGGGAGAAGG	chr11:72695022	-	60	0	0	0	1	16	55.24
575	GTACAGCAGCATGGCCTCCATGG	chr11:72693696	+	60	1	0	0	1	16	51.11
576	GGTATCTCCGGGGGGCAGGGAGG	chr11:72714184	+	75	0	0	0	1	16	49.45
577	GGCCTCCAGGTGGCACCGCCGGG	chr11:72704218	+	80	2	0	0	1	16	44.49
578	GCTTCATGGGCACAGGCCGTGGG	chr11:72726873	+	65	0	0	0	1	16	37.50
579	TCTCCCACGTGGCTGCCATCGGG	chr11:72711082	-	65	2	0	0	1	16	37.97
580	TTCTTGGTCATCACTCTGGCTGG	chr11:72713177	+	50	0	0	0	1	16	29.82
581	CAGGCGGGGGGGTCCGGTGCGGG	chr11:72726628	+	85	0	0	0	1	16	26.58
582	CGAGGGAGAGGAACTGTCTGGGG	chr11:72712490	-	60	0	0	0	0	18	64.18
583	GCTCAAAGCTGCAAATACACAGG	chr11:72699100	+	45	0	0	0	0	18	63.57
584	GGTGCTTCTTCACCACCAGGTGG	chr11:72693722	+	60	1	0	0	0	18	64.14
585	CCTTGATGACTGGTGTGACGGGG	chr11:72712227	+	55	1	0	0	0	18	62.57
586	GGACTACAAGGCTGGCCGTGTGG	chr11:72695756	-	65	3	0	0	0	18	63.31
587	GGCTGTGGAGGGGTTAGTCAAGG	chr11:72697648	+	60	0	0	0	0	18	56.63
588	GCAGTCAGCACAGAACCTGTTGG	chr11:72707239	+	55	1	0	0	2	15	57.50
589	CACCAAGGACACACCAGCGCCGG	chr11:72699523	+	65	1	0	0	2	15	55.99
590	TCACCCATGGGTGTCAGGAGGGG	chr11:72699413	+	60	2	0	0	0	18	55.94
591	GCTGGCAGCCTGGAGCTTCGTGG	chr11:72710449	-	70	0	0	0	0	18	53.53
592	CCCTCTGCCACGCTCACCTGTGG	chr11:72702888	+	70	0	0	0	0	18	52.24
593	CACCCCCCAGCCAGCCGTGTCGG	chr11:72693458	-	75	1	0	0	0	18	49.06
594	ATGCCTGGCAGAGAGGCGCCGGG	chr11:72698103	+	70	2	0	0	0	18	48.76
595	GCCTGCTCTGCAAGAGCCAGGGG	chr11:72702952	+	65	4	0	0	0	18	50.75
596	GGGCTCCTCAGACTGTGGCTGGG	chr11:72714249	+	65	1	0	0	2	15	45.64
597	AGCCAGCCAGCCTTGATGACTGG	chr11:72712217	+	60	4	0	0	2	15	46.88
598	AGCCCTCCTGGGCCCGCTGTAGG	chr11:72698001	+	75	2	0	0	0	18	44.64
599	CGGGGCTCCTCAGCCTGACTGGG	chr11:72707217	-	70	2	0	0	0	18	43.89
600	CTCTGCAAGAGCCAGGGGCGTGG	chr11:72702957	+	70	2	0	0	2	15	40.34
601	GGCAGTGCCTGAGGTCCGGCTGG	chr11:72686125	-	75	3	0	0	2	15	30.23
602	CCATGCTGGCGGCTGCTTTCTGG	chr11:72697407	+	65	0	0	0	0	18	12.30
603	GAAGCTCCAGGCTGCCAGCGCGG	chr11:72710453	+	70	1	0	0	1	17	62.02
604	ACTCACCTCACCAGCAGGCGGGG	chr11:72726614	+	65	0	0	0	3	14	54.21
605	AGCCTACAGCGGGCCCAGGAGGG	chr11:72698003	-	70	0	0	0	3	14	53.16
606	CTCACCCATGGGTGTCAGGAGGG	chr11:72699412	+	60	2	0	0	3	14	53.79
607	TCGGGTGGAGTGGCAGGCACAGG	chr11:72726830	+	70	0	0	0	1	17	42.35
608	GGCTGCAGCCCAGATGCGCTCGG	chr11:72707263	+	70	2	0	0	1	17	38.64
609	TGGGGTGGCACCCACCTTCCCGG	chr11:72701634	+	70	4	0	0	1	17	32.37
610	GGTACCGAGAGCTGCTGGTGCGG	chr11:72696602	-	65	0	0	0	0	19	67.40
611	GCTGAGGCCTTGGCACTCAGTGG	chr11:72727003	+	65	3	0	1	0	17	62.88
612	AAGGTGCTGCCCATCCTGCACGG	chr11:72693760	-	60	1	0	1	0	17	53.20
613	GACCCCCCCGCCTGCTGGTGAGG	chr11:72726619	-	80	0	0	0	2	16	49.98
614	AGGTTGATGGAGGCCCAGTCAGG	chr11:72707204	+	60	0	0	0	2	16	49.68
615	GGAGCTCACCCTGGAGATCCTGG	chr11:72695052	-	65	0	0	0	0	19	37.50
616	CTGCCCATCCTGCACGGGCTGGG	chr11:72693754	-	70	2	0	0	0	19	35.76
617	TGGGCGGAAGGCAGCTCCTCCGG	chr11:72726750	+	70	1	0	1	0	17	33.81
618	GGCTCTTCGCAGGGCCCCTCCGG	chr11:72697940	+	75	1	0	0	0	19	33.23
619	AGCCAGAGTGATGACCAAGAAGG	chr11:72713175	-	50	0	0	0	1	18	68.44
620	GCGAGGGAGAGGAACTGTCTGGG	chr11:72712491	-	60	0	0	0	1	18	60.26
621	CAGGTGGTGAGCGGAAGATGTGG	chr11:72726849	+	60	1	0	0	1	18	61.10
622	TCTGCCATGGTTCCTGCCAGCGG	chr11:72727121	+	60	0	0	0	1	18	58.16
623	GAGTGAAGAGCCCATCAGGCAGG	chr11:72697016	+	60	1	0	0	1	18	57.15
624	GATAACAACACAGAGGTTGATGG	chr11:72707191	+	40	1	0	0	3	15	52.27
625	GGTGAGCTCCTCAGCAGTCATGG	chr11:72695065	+	60	1	0	0	3	15	48.98
626	CACCAGTCATCAAGGCTGGCTGG	chr11:72712219	-	60	4	0	0	1	18	49.24
627	GTGCCCCCTCCTGACACCCATGG	chr11:72699417	-	70	0	0	0	1	18	42.87
628	AATGCCTGGCAGAGAGGCGCCGG	chr11:72698102	+	65	2	0	0	1	18	42.48
629	CGTCATGCTGGGGAGCAGAGAGG	chr11:72686185	+	65	1	0	0	0	20	67.13
630	GGGCACGGACAGCCACCTGGTGG	chr11:72693734	-	75	2	0	0	0	20	64.72
631	GGCACGAATGCCTGGCAGAGAGG	chr11:72698096	+	65	3	0	0	2	17	63.15
632	GGCGGAAGGCAGCTCCTCCGGGG	chr11:72726752	+	75	1	0	0	4	14	50.37
633	GAGGTGAGTGGATGCCACCCAGG	chr11:72726600	-	65	1	0	0	0	20	49.76
634	GCCTCACTCACCCCTGCGGTGGG	chr11:72712185	+	70	1	0	0	2	17	49.60
635	GCTCTTTGAGCAGCATGGCCTGG	chr11:72727032	-	60	0	0	0	0	20	44.38
636	GTGCGGTGAGCCCTGCCCCTAGG	chr11:72697305	-	75	1	0	0	2	17	38.41
637	TGAGAGAGAACCAGCCCTCCTGG	chr11:72697989	+	60	1	0	0	2	17	37.85
638	TCTGCAAGAGCCAGGGGCGTGGG	chr11:72702958	+	65	1	0	0	0	20	37.62
639	GCCCCCAGGCGGCCCGTCCATGG	chr11:72712255	+	85	0	0	0	2	17	34.49
640	AACAACACAGAGGTTGATGGAGG	chr11:72707194	+	45	1	0	0	1	19	69.70
641	AAGCACTGAACACTGGAGAGGGG	chr11:72695854	+	50	0	0	0	1	19	68.32
642	GAGTGATGACCAAGAAGGTGGGG	chr11:72713170	-	50	0	0	0	1	19	64.15
643	GAGGGCTGGTTCTCTCTCAGTGG	chr11:72697985	-	60	0	0	0	1	19	63.83
644	ACGATGAGGTCCCAGAGGAGGGG	chr11:72713209	-	60	1	0	0	1	19	63.90
645	CACCTCACCAGCAGGCGGGGGGG	chr11:72726617	+	75	0	0	0	1	19	62.38
646	TCCGCTCCACTGCAGGAGAAGGG	chr11:72710579	+	60	1	0	0	3	16	54.73
647	GGGACCTGCAAGGACCAAGGAGG	chr11:72695093	+	65	2	0	0	0	21	67.15
648	ACCCTTCTCCTGCAGTGGAGCGG	chr11:72710580	-	60	1	0	0	0	21	58.35
649	GGTGACTCTGAGGTAGGGCAAGG	chr11:72688531	+	60	1	0	0	0	21	58.01
650	GGTGAGCCACGGCCTCCCTGAGG	chr11:72697576	-	75	1	0	0	0	21	57.58
651	GTGTGGGCCACTGAGTGCCAAGG	chr11:72727010	-	65	1	0	0	0	21	54.87
652	CATCCTGCACGGGCTGGGCACGG	chr11:72693749	-	70	1	0	0	2	18	53.90
653	TTTCTGATAGATGTAAGATCTGG	chr11:72711481	+	30	0	0	0	2	18	49.08
654	CTGGGAACACAACAAAAGTTGGG	chr11:72714322	+	40	0	0	0	2	18	48.66
655	GGGGTGGCACCCACCTTCCCGGG	chr11:72701635	+	75	3	0	0	0	21	48.47
656	AGGATGCGGCGGCGGTGACCAGG	chr11:72726947	+	75	0	0	0	0	21	43.47
657	TGAGTTTCTTCTTCACTCCCAGG	chr11:72688468	+	45	1	0	0	2	18	44.20
658	GCCGGACCTCAGGCACTGCCCGG	chr11:72686128	+	75	3	0	0	0	21	42.17
659	TCCAGGCTGCCAGCGCGGTCAGG	chr11:72710458	+	75	1	0	0	0	21	35.62
660	GCTGGGATCAACTGCTTCTCGGG	chr11:72702994	-	55	0	0	0	2	18	27.49
661	AGAAGCACTGAACACTGGAGAGG	chr11:72695852	+	50	0	0	0	3	17	65.97
662	TGTGGCCTGCATCTCCCACGTGG	chr11:72711093	-	65	0	0	0	1	20	64.62
663	AAGCTGCAAATACACAGGCCAGG	chr11:72699105	+	50	0	0	0	1	20	57.39
664	ATGTACAGTGTCCTGGGCCAGGG	chr11:72697475	+	55	0	0	0	1	20	56.43
665	TGCAGTCACCACCACAGACCTGG	chr11:72703046	-	60	0	0	0	1	20	53.07
666	TTCCGGGCAGAGAGTGATGGTGG	chr11:72711017	-	60	0	0	0	3	17	50.24
667	ACCACAGGTGAGCGTGGCAGAGG	chr11:72702889	-	65	0	0	0	1	20	46.42
668	GGCGGCTGGACTTCATGGGTTGG	chr11:72697441	-	65	0	0	0	1	20	45.94
669	CTGGGATCAACTGCTTCTCGGGG	chr11:72702993	-	55	0	0	0	1	20	39.07
670	ACGGGGGTGGAGCCCCCAGGCGG	chr11:72712244	+	80	4	0	0	2	19	64.07
671	AGCCTTGATGACTGGTGTGACGG	chr11:72712225	+	50	3	0	0	2	19	59.56
672	TTGCCCTACCTCAGAGTCACCGG	chr11:72688529	-	55	1	0	0	2	19	57.05
673	AGCAGATCCTCGGCTAGGGGAGG	chr11:72698075	+	65	1	0	0	0	22	55.64
674	TGCTGACTCAGAGCTAGAGAAGG	chr11:72707346	-	50	2	0	0	2	19	54.86
675	CACTCACCTCACCAGCAGGCGGG	chr11:72726613	+	65	0	0	0	0	22	52.24
676	CAAGGTGCGGAGCCTGAAGATGG	chr11:72705837	-	60	0	0	0	2	19	47.77
677	TGACACACAGATGGAGCTCCGGG	chr11:72687468	-	55	1	0	0	0	22	48.46
678	CTGGGTAGGTGGTGCCTGCAGGG	chr11:72693673	-	65	0	0	0	0	22	43.09
679	GGACTTCATGGGTTGGCTGGGGG	chr11:72697434	-	60	1	0	0	0	22	41.81
680	TGCCTGGCAGAGAGGCGCCGGGG	chr11:72698104	+	75	2	0	0	1	21	61.18
681	ATAGTTCCTGTCTCTCCCCCAGG	chr11:72711141	-	55	1	0	0	1	21	55.96
682	CCCTCATCCTCTGTAGTGGTGGG	chr11:72726800	+	55	0	0	0	1	21	51.76
683	CTCCAGGTACCGAGAGCTGCTGG	chr11:72696607	-	65	0	0	0	1	21	46.11
684	CTGAGCAGCGTGCCCGGGCCCGG	chr11:72710523	-	80	1	0	0	1	21	38.98
685	CAGCTCCTCCGGGGCGGGATGGG	chr11:72726761	+	75	0	0	0	1	21	37.20
686	GGAGCTCCGTGCTGTCTTCCCGG	chr11:72697959	-	65	2	0	0	1	21	35.63
687	ATAGATGTAAGATCTGGAGAGGG	chr11:72711487	+	35	0	0	0	2	20	64.98
688	CTGCTTCTCGGGGGACCCTGAGG	chr11:72702983	-	70	0	0	0	2	20	55.70
689	CCGGACCTCAGGCACTGCCCGGG	chr11:72686129	+	75	3	0	0	2	20	56.59
690	CCAGCTGTAAGAAGAGCTGTGGG	chr11:72704319	+	50	2	0	0	0	23	54.06
691	TGTTCCCAGCCTGCCCACTAAGG	chr11:72714308	-	60	0	0	0	0	23	48.24
692	GCTCTTCGCAGGGCCCCTCCGGG	chr11:72697941	+	75	1	0	0	2	20	45.96
693	CTGCAAGAGCCAGGGGCGTGGGG	chr11:72702959	+	70	1	0	0	2	20	44.98
694	CCTCCGGGGCGGGATGGGTGGGG	chr11:72726766	+	80	0	0	0	2	20	41.90
695	GTGCAGGGGCCGGTGAGGTATGG	chr11:72726906	+	70	0	0	0	2	20	31.95
696	GTTGCGCAGAAGCTGCAGGAAGG	chr11:72685670	+	60	1	0	0	1	22	64.55
697	GCTGGGACCTGCAAGGACCAAGG	chr11:72695090	+	65	2	0	0	3	19	59.46
698	CAAGGAGGGCGAGCAGCACGTGG	chr11:72697076	-	70	0	0	0	3	19	56.79
699	GTCCCAGCTTACCAGGTGGGTGG	chr11:72688443	+	65	1	0	0	1	22	55.27
700	AACCCCTCCACAGCCATCCAGGG	chr11:72697640	-	60	1	0	0	1	22	53.16
701	AGACGCCAGCGCCCAGGCCACGG	chr11:72705861	+	75	0	0	0	1	22	50.34
702	CAGTCTGCTGAGCGAGGGAGAGG	chr11:72712502	-	65	0	0	0	1	22	49.26
703	CAGGACCGCCGGGCCCGGGAAGG	chr11:72701648	-	85	1	0	0	1	22	50.22
704	AGAGACTGAGCAGCATATCAAGG	chr11:72695386	-	45	0	0	0	1	22	44.61
705	AGCCGAGGATCTGCTGGCCCGGG	chr11:72698067	-	70	0	0	0	1	22	41.36
706	GCAGTGGTTGGAGGCCATGCAGG	chr11:72707322	-	65	1	0	0	1	22	37.18
707	CAGGTGACCCTCCATCTTCTTGG	chr11:72709850	-	55	0	0	0	1	22	30.46
708	ACACCTTCCTGTCCATCTTCAGG	chr11:72705825	+	50	0	0	0	1	22	28.00
709	GGTGGTGACTGCAGCACACAGGG	chr11:72703056	+	60	1	0	0	0	24	61.79
710	CAGGTTCTGTGCTGACTGCGGGG	chr11:72707235	-	60	0	0	0	0	24	60.72
711	CACAGCTCTTCTTACAGCTGGGG	chr11:72704317	-	50	1	0	0	4	18	60.70
712	AAGAGTCTCAAAGTCTACCTGGG	chr11:72688485	-	40	1	0	0	2	21	57.16
713	AATTCTCCCCAGAGTTCAGCCGG	chr11:72699542	-	50	0	0	0	2	21	54.54
714	GGTAGACAGGGCCTCAGCGATGG	chr11:72707296	+	65	1	0	0	0	24	55.47
715	GTCTGGCCCTGTGTCTACAGGGG	chr11:72705888	-	60	3	0	0	4	18	55.93
716	CCGCACTCTCCAGCCCAAACAGG	chr11:72699040	+	65	1	0	0	0	24	46.18
717	CTTCCTCATCCACCTGGGAAGGG	chr11:72695616	+	55	1	0	0	0	24	45.62
718	GGTCAGGGCACTGCAGCTCTGGG	chr11:72704130	-	65	0	0	0	0	24	40.99
719	CCACTCACCTCACCAGCAGGCGG	chr11:72726612	+	65	0	0	1	3	18	64.08
720	AGAGTCATCTGGTGAGAGAGGGG	chr11:72713236	+	50	0	0	0	1	23	63.82
721	AGTCATCAAGGCTGGCTGGCTGG	chr11:72712215	-	60	4	0	0	1	23	43.93
722	CATCCACTCACCTCACCAGCAGG	chr11:72726609	+	60	0	0	0	2	22	57.86
723	TGAGGTCAACGAGAGGGAGGAGG	chr11:72694983	-	60	0	0	0	2	22	56.61
724	CTGGTTCTCTCTCAGTGGCTCGG	chr11:72697980	-	55	1	0	0	2	22	51.58
725	TGGCTCTTGCAGAGCAGGCGGGG	chr11:72702948	-	65	2	0	0	0	25	52.11
726	CTCTCCCTCGCTCAGCAGACTGG	chr11:72712503	+	65	0	0	0	2	22	45.11
727	TGGCACTGCCAGTGGGACCCAGG	chr11:72695541	-	70	3	0	0	0	25	45.79
728	ACAGGTTCTGTGCTGACTGCGGG	chr11:72707236	-	55	0	0	0	2	22	40.88
729	ATCACTCTGGCTGGGGCCCCCGG	chr11:72713186	+	70	0	0	0	0	25	38.91
730	CCGGCATGCTGCAGGGAGACAGG	chr11:72695448	+	70	0	0	0	2	22	36.94
731	CTGAACTCTGGGGAGAATTTGGG	chr11:72699546	+	45	0	0	0	2	22	28.76
732	CTTCATGGGCACAGGCCGTGGGG	chr11:72726874	+	65	0	0	0	1	24	61.61
733	CCCCCTGGATGGCTGTGGAGGGG	chr11:72697638	+	70	0	0	0	1	24	53.33
734	ATGACCAAGAAGGTGGGGCCAGG	chr11:72713165	-	60	0	0	0	3	21	49.12
735	CTGAGGCCTCCAGCCAGGTTAGG	chr11:72696983	+	65	2	0	0	5	18	46.25
736	TTGAGCAGCATGGCCTGGTGTGG	chr11:72727027	-	60	0	0	0	1	24	44.00
737	CACCGCCGCCGCATCCTGGCTGG	chr11:72726941	-	80	1	0	0	7	15	38.69
738	ACCCCTCCACAGCCATCCAGGGG	chr11:72697639	-	65	0	0	0	0	26	60.56
739	CAGCGTGTCCCCCATGCTGGCGG	chr11:72697396	+	70	1	0	0	0	26	58.92
740	TCCTCAACAGCAGCTGCTTGCGG	chr11:72693343	-	55	2	0	0	0	26	53.85
741	GCCCCTCCGGGAAGACAGCACGG	chr11:72697953	+	70	0	0	0	2	23	48.69
742	GAGCCAGAGGCCGTGGAGCGGGG	chr11:72692764	-	75	2	0	0	2	23	49.79
743	GCACCTTCTCCGCAAAGTGCAGG	chr11:72693776	+	60	1	0	0	0	26	42.60
744	TCTGGGCTGCAGCCCCCAACAGG	chr11:72707254	-	70	3	0	0	2	23	42.78
745	AGGTGATGCCAATGCCCAGGTGG	chr11:72709949	+	60	0	0	1	1	23	71.94
746	TCTTGTAGAGGAAGCCACTGTGG	chr11:72701694	+	50	1	0	0	1	25	67.06
747	AAGCGTCCTGGGGGAGAGACAGG	chr11:72711135	+	65	0	0	0	3	22	47.43
748	GAAGGCAGCTCCTCCGGGGCGGG	chr11:72726756	+	75	0	0	0	5	19	42.59
749	GCAGCTCCTCCGGGGCGGGATGG	chr11:72726760	+	80	0	0	0	5	19	31.19
750	TGCTGGTGCTGGTGGAGCGAAGG	chr11:72697600	-	65	0	0	0	0	27	51.06
751	GCTGGGAACACAACAAAAGTTGG	chr11:72714321	+	45	0	0	0	0	27	50.69
752	GTCACAGCAGAGGTACCTGCAGG	chr11:72687487	+	60	1	0	0	0	27	49.94
753	CTCCCTAGGCCTGACCTCCGAGG	chr11:72697181	-	70	4	0	0	0	27	50.73
754	GTCCCCCTGGATGGCTGTGGAGG	chr11:72697636	+	70	0	0	0	2	24	44.78
755	TCCCCCGGCGCCTCTCTGCCAGG	chr11:72698106	-	80	0	0	0	0	27	41.39
756	TGGAGGGTCACCTGAAGATGCGG	chr11:72709859	+	55	0	0	0	1	26	66.26
757	GGTACCAGGTGCAGAGTGTGGGG	chr11:72687417	-	60	0	0	0	3	23	59.79
758	AACTGAGTAGTGCTTTTCCAGGG	chr11:72701734	+	40	0	0	0	3	23	55.46
759	CCCAGCTGTAAGAAGAGCTGTGG	chr11:72704318	+	55	2	0	0	3	23	57.25
760	GGACAGTGAGAACCAGGTGCTGG	chr11:72697617	-	60	1	0	0	1	26	52.01
761	ACTCTGGGGAGAATTTGGGCAGG	chr11:72699550	+	55	0	0	0	1	26	50.54
762	CACCCATGGGTGTCAGGAGGGGG	chr11:72699414	+	65	2	0	1	3	21	50.70
763	ACTGTCCCCCTGGATGGCTGTGG	chr11:72697633	+	65	0	0	0	1	26	46.44
764	CTTTGGCAACCAGGAGGAGCTGG	chr11:72704157	-	60	1	0	0	3	23	41.58
765	CGCTGTGCAGGTGTGTGCATGGG	chr11:72707162	-	60	1	0	0	3	23	39.62
766	CACCAGCAGGCGGGGGGGTCCGG	chr11:72726622	+	80	0	0	0	1	26	33.75
767	GCCCTCCAGGAGTACCACCTGGG	chr11:72709963	-	65	3	0	0	0	28	68.63
768	CCACTGCAGGAGAAGGGTAGAGG	chr11:72710585	+	60	0	0	0	2	25	54.17
769	GGACTATTGGACCTGCTTTGAGG	chr11:72695001	-	50	0	0	0	0	28	48.20
770	GGAGCGCCTGGGTCTCAGCCAGG	chr11:72703028	+	75	1	0	0	2	25	46.27
771	TCATCTGGTGAGAGAGGGGTTGG	chr11:72713240	+	55	0	0	0	0	28	38.25
772	AACAGGTTCTGTGCTGACTGCGG	chr11:72707237	-	50	0	0	0	1	27	55.88
773	CTGGTGTGTCCTTGGTGACGGGG	chr11:72699517	-	60	1	0	0	1	27	56.66
774	CAGCCTGCCCACTAAGGAGGAGG	chr11:72714302	-	65	0	0	0	1	27	54.85
775	CGACCAAGGGGATGAGGAAGAGG	chr11:72712466	-	60	0	0	0	1	27	44.85
776	CGGAGGTCAGGCCTAGGGAGGGG	chr11:72697184	+	70	3	0	0	1	27	41.50
777	GGCACCCACCTTCCCGGGCCCGG	chr11:72701640	+	80	0	0	0	1	27	37.45
778	GACCGCCGGGCCCGGGAAGGTGG	chr11:72701645	-	85	1	0	0	3	24	37.98
779	CGGTCAGGCTGCTCTGAGCCTGG	chr11:72710473	+	70	3	0	0	1	27	38.85
780	GAGAGAGAACCAGCCCTCCTGGG	chr11:72697990	+	60	1	0	0	2	26	51.63
781	GGCCAGCCAGGATGCGGCGGCGG	chr11:72726939	+	80	1	0	0	2	26	41.04
782	GCAGGCGGGGGGGTCCGGTGCGG	chr11:72726627	+	85	0	0	0	0	29	27.95
783	AGGTGCTGCCCATCCTGCACGGG	chr11:72693759	-	65	0	0	0	3	25	52.18
784	GGGCGGAAGGCAGCTCCTCCGGG	chr11:72726751	+	75	1	0	0	1	28	39.43
785	GGGCCCCGCTCCACGGCCTCTGG	chr11:72692761	+	85	3	0	0	1	28	34.70
786	ATCTGGTGAGAGAGGGGTTGGGG	chr11:72713242	+	55	0	0	0	1	28	30.41
787	AGGTCAGGGCACTGCAGCTCTGG	chr11:72704131	-	65	0	0	0	1	28	25.95
788	GCGGGGCTCCTCAGCCTGACTGG	chr11:72707218	-	75	3	0	0	3	25	28.50
789	GGAGAGCCACTCACAGACAGAGG	chr11:72686028	+	60	1	0	0	4	24	70.32
790	GCAGGCCAGCCAGGATGCGGCGG	chr11:72726936	+	75	1	0	0	2	27	61.98
791	TCCCGTCCCATCTGCCCTCCAGG	chr11:72709976	-	70	1	0	0	2	27	40.39
792	CAACCGAACCTTTGCCTTCCGGG	chr11:72711033	-	55	1	0	0	0	30	31.21
793	ACCCAGGCGCTCCTGGGCTGTGG	chr11:72703018	-	75	3	0	0	2	27	31.94
794	CAGCTGTAAGAAGAGCTGTGGGG	chr11:72704320	+	50	2	0	0	1	29	76.34
795	GAGAGCCACTCACAGACAGAGGG	chr11:72686029	+	55	1	0	0	1	29	72.15
796	TGAGCTACTTTGAGAATGAGCGG	chr11:72699491	-	40	0	0	0	1	29	64.90
797	TGAGCAGCATGGCCTGGTGTGGG	chr11:72727026	-	60	0	0	0	1	29	53.15
798	ACGAGGAGGAGAAGGTCTCCAGG	chr11:72696623	-	60	2	0	0	1	29	52.40
799	CGGCATGCTGCAGGGAGACAGGG	chr11:72695449	+	65	0	0	0	2	28	58.76
800	TCCACCTGGGAAGGGGCGAGAGG	chr11:72695624	+	70	0	0	0	2	28	53.97
801	TCTGAGTCAGCAGAGAAGCTGGG	chr11:72707357	+	50	2	0	0	0	31	54.24
802	TGCTGCTGTACCTGGGTAGGTGG	chr11:72693684	-	60	2	0	0	2	28	52.49
803	TGGGGACGACCAAGGGGATGAGG	chr11:72712472	-	65	0	0	0	2	28	50.41
804	GCCTGGCAGAGAGGCGCCGGGGG	chr11:72698105	+	80	1	0	0	4	25	49.87
805	TGGTGAAGCAGGTGGGCGGAAGG	chr11:72726738	+	65	0	0	0	0	31	48.75
806	TCCCCCTGGATGGCTGTGGAGGG	chr11:72697637	+	65	0	0	0	4	25	41.22
807	CCTCCTCGTCCTCAATCTCTGGG	chr11:72696637	+	55	0	0	0	2	28	39.47
808	GCCCCTGGCTCTTGCAGAGCAGG	chr11:72702953	-	70	4	0	0	4	25	36.52
809	GGCTGAGACCCAGGCGCTCCTGG	chr11:72703025	-	75	3	0	0	2	28	20.49
810	CCATCTGTGTGTCACAGCAGAGG	chr11:72687477	+	55	3	0	0	1	30	65.09
811	TGGTGGTGACTGCAGCACACAGG	chr11:72703055	+	60	1	0	0	3	27	57.60
812	AGAAACTCAGGCCACCCACCTGG	chr11:72688454	-	60	2	0	0	1	30	55.09
813	CTGTGAAGCCCCAGCTACAGAGG	chr11:72687725	+	60	2	0	0	1	30	52.53
814	CTCAGCCATGGCCTGCTGCAGGG	chr11:72710541	+	65	3	0	0	1	30	44.52
815	AGGCCACCCACCTGGTAAGCTGG	chr11:72688446	-	65	0	0	0	5	24	39.40
816	GGAGGCCATGCTGCTGTACCTGG	chr11:72693692	-	65	0	0	0	7	21	33.01
817	CACTGAACACTGGAGAGGGGAGG	chr11:72695857	+	60	0	0	0	0	32	65.50
818	AGGGCTCTGAGGGCCACACCAGG	chr11:72686161	+	70	0	0	0	0	32	56.38
819	AGCAGAGGTACCTGCAGGGTTGG	chr11:72687492	+	60	1	0	0	4	26	54.10
820	CAAGGACAAGCTCAGGCTGCTGG	chr11:72712303	+	60	1	0	0	4	26	48.38
821	GAAGAGCTGTGGGGGTGTGCAGG	chr11:72704329	+	65	0	0	0	0	32	46.08
822	CGGGGGGGTCCGGTGCGGGGCGG	chr11:72726632	+	90	0	0	0	0	32	41.53
823	GTCAGGGCACTGCAGCTCTGGGG	chr11:72704129	-	65	0	0	0	1	31	57.51
824	CGTGGAAGCCACCTGAGGGCAGG	chr11:72693378	+	70	2	0	0	3	28	45.91
825	TGCCCTCCAGGAGTACCACCTGG	chr11:72709964	-	65	3	0	0	1	31	45.17
826	AGCTGTAAGAAGAGCTGTGGGGG	chr11:72704321	+	50	1	0	0	2	30	64.99
827	GCCTCTCGCCCCTTCCCAGGTGG	chr11:72695625	-	75	0	0	0	2	30	56.52
828	GCGCTGTGCAGGTGTGTGCATGG	chr11:72707163	-	65	1	0	0	2	30	43.83
829	GGAAGGCAGCTCCTCCGGGGCGG	chr11:72726755	+	75	0	1	0	1	29	42.72
830	GGCTCCTCAGACTGTGGCTGGGG	chr11:72714250	+	65	1	0	0	2	30	41.98
831	TGGTGCTGGTGGAGCGAAGGAGG	chr11:72697597	-	65	0	0	0	3	29	60.98
832	CCAGGAGGCTGCGGTCCTCACGG	chr11:72693408	+	70	2	0	0	1	32	52.87
833	GAATAAGCTGTACGTGGCCGTGG	chr11:72710420	-	55	1	0	0	17	8	50.11
834	TTTCTGTTTGTGCAGGTACCAGG	chr11:72687431	-	45	0	0	0	1	32	44.36
835	TGGTACTCCTGGAGGGCAGATGG	chr11:72709969	+	60	1	0	0	1	32	43.20
836	CCTGGGCCCGCTGTAGGCTCAGG	chr11:72698007	+	75	0	0	0	3	29	41.66
837	TCAGAGTCATCTGGTGAGAGAGG	chr11:72713234	+	50	1	0	0	2	31	56.63
838	TAAGGGCCTTCACTGTGGCCCGG	chr11:72696565	+	60	3	0	0	2	31	57.44
839	GCGGGATGGGTGGGGCAGCGGGG	chr11:72726774	+	80	0	0	0	0	34	42.52
840	CTCTGAGTCAGCAGAGAAGCTGG	chr11:72707356	+	55	3	0	0	2	31	36.04
841	CTGCAGTGGAGCGGAAGGAGTGG	chr11:72710571	-	65	0	0	0	1	33	56.36
842	CTCTGGGGAGAATTTGGGCAGGG	chr11:72699551	+	55	0	0	0	1	33	55.62
843	GAAGCTGGGGACATAGGGGTGGG	chr11:72707371	+	60	1	0	0	1	33	55.53
844	GTGACACACAGATGGAGCTCCGG	chr11:72687469	-	55	1	0	0	3	30	51.86
845	AAGGTGAGCCTGGGGTAGCAGGG	chr11:72698985	-	60	1	0	0	1	33	50.14
846	GGCAGCCACGTGGGAGATGCAGG	chr11:72711088	+	70	1	0	0	1	33	42.42
847	GAGCACCGTGGCCTGGGCGCTGG	chr11:72705866	-	80	1	0	0	3	30	33.14
848	CATGCCTGGCCCCACCTTCTTGG	chr11:72713161	+	65	1	0	0	5	27	22.02
849	TGCAAGAGCCAGGGGCGTGGGGG	chr11:72702960	+	70	1	0	0	0	35	52.01
850	GCTGGCGGCTGCTTTCTGGATGG	chr11:72697411	+	65	0	0	0	2	32	47.68
851	GCTGAGTGGGTCTCGGGGGCAGG	chr11:72712568	-	75	0	0	0	2	32	32.86
852	GTGGTGGGCAGCGGCTCGGGTGG	chr11:72726815	+	80	0	0	0	1	34	53.13
853	CCTGGTGCTTCTTCACCACCAGG	chr11:72693719	+	60	2	0	0	1	34	44.83
854	CCGGTGCGGGGCGGCACGGGTGG	chr11:72726641	+	90	2	0	0	1	34	37.01
855	GGGTCCGGTGCGGGGCGGCACGG	chr11:72726637	+	85	0	0	0	3	31	30.26
856	CCTGCAGGCACCACCTACCCAGG	chr11:72693674	+	70	0	0	0	2	33	54.78
857	TCTTCCTCATCCACCTGGGAAGG	chr11:72695615	+	55	0	0	0	2	33	47.88
858	TCCTCTGTAGTGGTGGGCAGCGG	chr11:72726806	+	60	0	0	0	1	35	56.19
859	GGCGGGGCAGACGCTGCAGATGG	chr11:72702932	-	75	1	0	0	3	32	48.65
860	TTCCTCATCCACCTGGGAAGGGG	chr11:72695617	+	55	1	0	0	9	23	46.83
861	CATCTGGTGAGAGAGGGGTTGGG	chr11:72713241	+	55	0	0	0	7	26	38.37
862	TCCTCCTCGTCCTCAATCTCTGG	chr11:72696636	+	55	0	0	0	2	34	25.88
863	CCTCCTGGTTGCCAAAGAGCGGG	chr11:72704163	+	60	0	0	1	1	34	54.95
864	ATGGAGGCCCAGTCAGGCTGAGG	chr11:72707210	+	65	0	0	0	1	36	52.51
865	TGCCAGTGGGACCCAGGTGAAGG	chr11:72695535	-	65	1	0	0	3	33	53.25
866	GGGCACGGAGCAGGCCAGCCAGG	chr11:72726927	+	80	2	0	0	3	33	42.92
867	TACAGCGGGCCCAGGAGGGCTGG	chr11:72697999	-	75	3	0	0	1	36	43.63
868	TGGCCTCCAGGTGGCACCGCCGG	chr11:72704217	+	75	2	0	0	3	33	37.96
869	CCCAGTCCCAGCTTACCAGGTGG	chr11:72688439	+	65	0	0	0	2	35	60.68
870	CCAGGGGCGTGGGGGCCTCAGGG	chr11:72702968	+	80	1	0	0	0	38	47.10
871	TCCTCAGACTGTGGCTGGGGAGG	chr11:72714253	+	65	1	0	0	2	35	29.78
872	GGTCTCAGCCAGGTCTGTGGTGG	chr11:72703038	+	65	1	0	1	1	35	54.03
873	AAGCTGGGGACATAGGGGTGGGG	chr11:72707372	+	60	1	0	0	3	34	49.06
874	TGAGAACCAGGTGCTGGTGCTGG	chr11:72697611	-	60	3	0	0	1	37	48.91
875	GACAGGGGCTCCTCAGACTGTGG	chr11:72714244	+	65	1	0	0	1	37	43.54
876	AGAGGCCTCACTCACCCCTGCGG	chr11:72712181	+	65	1	0	0	0	39	71.42
877	CTCTTCTTACAGCTGGGGAATGG	chr11:72704312	-	50	0	1	0	3	32	53.38
878	GTCAACGAGAGGGAGGAGGCAGG	chr11:72694979	-	65	1	0	0	2	36	50.53
879	GTCAGGCCTAGGGAGGGGCGGGG	chr11:72697189	+	75	2	0	0	2	36	46.41
880	GGTCTGGGGCAGCTGTGGATGGG	chr11:72726714	+	65	0	0	0	2	36	32.40
881	GAAGAAGCACCAGGCCATGGAGG	chr11:72693710	-	60	1	0	0	3	35	62.93
882	CCCACAGCCCAGGAGCGCCTGGG	chr11:72703017	+	75	1	0	0	3	35	51.31
883	GGAGGCAGGTGGGTGACGCTGGG	chr11:72694965	-	70	0	0	0	5	32	47.45
884	GACCGCAGCCTCCTGGGCCTGGG	chr11:72693401	-	75	0	0	0	1	38	31.93
885	GTCTGAGAAGCACTGAACACTGG	chr11:72695847	+	50	0	0	0	2	37	59.97
886	GGGCAGCGGCTCGGGTGGAGTGG	chr11:72726820	+	80	0	0	0	2	37	50.70
887	CGGGCTGCAGGGCCCACCTGAGG	chr11:72696966	+	80	2	0	0	4	35	53.98
888	AGCACACAGGGCCTAGGAAGAGG	chr11:72703068	+	60	2	0	0	5	34	46.30
889	CTGCCCAGTCCCAGCTTACCAGG	chr11:72688436	+	65	0	0	0	3	37	34.85
890	GCGGGGGCAGCACAGGGTCTGGG	chr11:72726699	+	75	0	0	1	3	35	33.07
891	CTCCTCCGGGGCGGGATGGGTGG	chr11:72726764	+	80	0	0	0	5	34	27.55
892	GAAGCACTGAACACTGGAGAGGG	chr11:72695853	+	50	0	0	0	4	36	56.82
893	GACTGCAGCACACAGGGCCTAGG	chr11:72703062	+	65	1	0	0	2	39	53.11
894	GCAGCATGGCCTCCATGGCCTGG	chr11:72693701	+	70	4	0	0	7	32	41.87
895	GGAGCGAAGGAGGTGAGCCACGG	chr11:72697587	-	65	0	0	0	4	37	64.63
896	GACACGGCTGGCTGGGGGGTGGG	chr11:72693460	+	75	1	0	0	2	40	45.25
897	AGGAGGAGCTGGACAAGGTCAGG	chr11:72704146	-	60	0	0	1	2	38	34.63
898	CCCCAGCTACAGAGGAAGAAGGG	chr11:72687733	+	55	0	0	0	1	42	46.82
899	AAGAAGGTGGGGCCAGGCATGGG	chr11:72713159	-	60	1	0	1	3	37	46.13
900	GCAGAGAAGCTGGGGACATAGGG	chr11:72707366	+	55	1	0	0	3	39	40.51
901	CAGTGGTTGGAGGCCATGCAGGG	chr11:72707321	-	60	1	0	0	0	44	61.78
902	GAGTGGGTCTCGGGGGCAGGAGG	chr11:72712565	-	75	0	0	0	4	38	51.93
903	GTCCCAGCCGCTCAAAATCCCGG	chr11:72698049	+	60	1	0	0	2	41	43.41
904	ACCTGGCTGGAGGCCTCAGGTGG	chr11:72696979	-	70	2	0	0	6	35	43.46
905	CTCCCTTCTTCCTCTGTAGCTGG	chr11:72687735	-	55	0	0	1	4	36	24.07
906	GCTAGAGAAGGAGCAGTGGTTGG	chr11:72707334	-	55	0	0	0	1	43	51.68
907	CAGAGTCATCTGGTGAGAGAGGG	chr11:72713235	+	50	1	0	0	3	40	51.16
908	TCTGGTGAGAGAGGGGTTGGGGG	chr11:72713243	+	60	0	0	0	3	40	44.04
909	CGGGGGCAGCACAGGGTCTGGGG	chr11:72726700	+	75	0	0	0	3	40	42.47
910	AGGGGTGAGTGAGGCCTCTTGGG	chr11:72712177	-	60	1	0	0	5	37	38.95
911	GAGCCTGAAGATGGACAGGAAGG	chr11:72705828	-	55	1	0	0	2	42	65.85
912	AGAGCTCAGGAAGCAGCGGGAGG	chr11:72695595	-	65	0	0	0	2	42	61.64
913	CTGGGCTGCAGGGCCTCACTGGG	chr11:72704255	+	70	1	0	0	4	39	25.62
914	AGGTGAGCGTGGCAGAGGGTGGG	chr11:72702884	-	65	0	0	0	3	41	45.63
915	CAGGAACCATGGCAGAGGCTGGG	chr11:72727114	-	60	2	0	0	5	38	45.14
916	TGACTGACTGTCCCTGGCCCAGG	chr11:72697486	-	65	3	0	0	1	45	53.49
917	CAGGGGTGAGTGAGGCCTCTTGG	chr11:72712178	-	65	1	0	0	3	42	35.93
918	TGAACACTGGAGAGGGGAGGAGG	chr11:72695860	+	60	0	0	0	2	44	52.00
919	GGAGCAGCAGCTTGGGGACTCGG	chr11:72697371	-	65	0	0	0	2	44	43.13
920	GGTGAAGAAGCACCAGGCCATGG	chr11:72693713	-	60	1	0	0	1	46	50.59
921	AGCGGGGGCAGCACAGGGTCTGG	chr11:72726698	+	75	0	0	1	3	41	27.13
922	CAGAGAAGCTGGGGACATAGGGG	chr11:72707367	+	55	1	0	0	0	48	53.36
923	CTCTCTGCTCCCCAGCATGACGG	chr11:72686184	-	60	1	0	0	2	45	52.62
924	GTCTGGGGCAGCTGTGGATGGGG	chr11:72726715	+	65	0	0	0	2	45	37.37
925	CTGGCTCTTGCAGAGCAGGCGGG	chr11:72702949	-	65	3	0	0	2	45	38.23
926	CAACCAGGAGGAGCTGGACAAGG	chr11:72704151	-	60	1	0	0	5	41	61.75
927	TCTGGGGAGAATTTGGGCAGGGG	chr11:72699552	+	55	0	0	0	3	44	52.93
928	GGAGCGGAAGGAGTGGATGCAGG	chr11:72710564	-	65	0	0	0	1	47	51.01
929	TGGGCTGGAGAGTGCGGAGCAGG	chr11:72699034	-	70	0	0	0	1	47	42.33
930	CACTGTGCAGATGAAGTCACCGG	chr11:72695429	+	50	0	0	0	2	46	58.64
931	TCCTGGAGGGCAGATGGGACGGG	chr11:72709975	+	65	0	0	1	6	38	51.68
932	TGGGCTGCAGGGCCTCACTGGGG	chr11:72704256	+	70	1	0	0	2	46	38.16
933	GCGCTCCTGGGCTGTGGGGCTGG	chr11:72703012	-	80	2	0	0	2	46	10.19
934	AGCATCCCCAGCCTCTGCCATGG	chr11:72727108	+	65	2	0	0	5	42	52.87
935	CTGCCCCACCCATCCCGCCCCGG	chr11:72726769	-	80	0	0	0	6	41	44.21
936	TGGGAGTGAAGAAGAAACTCAGG	chr11:72688466	-	45	1	0	0	3	46	59.64
937	CAGGTACCAGGTGCAGAGTGTGG	chr11:72687419	-	60	0	0	0	3	46	54.98
938	AGTGGGACCCAGGTGAAGGCTGG	chr11:72695531	-	65	3	0	0	3	46	46.71
939	GTGGATGCAGGCCCTGCAGCAGG	chr11:72710552	-	70	6	0	0	1	49	41.31
940	GGGCTGCAGGGCCTCACTGGGGG	chr11:72704257	+	75	1	0	0	4	45	31.95
941	TGTAAGATCTGGAGAGGGAGAGG	chr11:72711492	+	50	0	0	0	1	50	41.56
942	CTGGGTCTCAGCCAGGTCTGTGG	chr11:72703035	+	65	2	0	1	5	43	58.23
943	CAGGAGTACCACCTGGGCATTGG	chr11:72709957	-	60	0	0	0	1	51	49.11
944	CAGGTGTGTGCATGGGGGTCGGG	chr11:72707155	-	65	0	0	2	5	41	28.46
945	AGTGTATCTGGAAGAGAAGAAGG	chr11:72695410	-	40	0	0	0	2	50	49.40
946	GCAGCAGCCCCAGCACCCGGCGG	chr11:72704233	-	80	0	0	0	2	51	54.86
947	CCCACCTGAGGCCTCCAGCCAGG	chr11:72696978	+	75	1	0	0	2	51	45.05
948	GGCTGCAGGGCCTCACTGGGGGG	chr11:72704258	+	75	1	0	0	6	45	35.19
949	TCCCTTCTTCCTCTGTAGCTGGG	chr11:72687734	-	50	0	0	0	1	53	35.27
950	CGCTCCTGGGCTGTGGGGCTGGG	chr11:72703011	-	75	2	0	0	1	53	19.41
951	GGTAGGTGGTGCCTGCAGGGTGG	chr11:72693670	-	70	0	0	0	2	52	56.50
952	AGAAGCTGGGGACATAGGGGTGG	chr11:72707370	+	60	1	0	0	2	52	36.79
953	CCAGGCTCCAGCCTTCACCTGGG	chr11:72695524	+	65	4	0	0	3	51	60.27
954	AGGTACCAGGTGCAGAGTGTGGG	chr11:72687418	-	55	0	0	0	5	48	53.64
955	CTGTAGCTGGGGCTTCACAGTGG	chr11:72687722	-	60	1	0	0	2	53	66.20
956	CAGGTGAGCGTGGCAGAGGGTGG	chr11:72702885	-	70	0	0	0	4	50	50.32
957	GTGAAGGCTGGAGCCTGGGTGGG	chr11:72695519	-	65	4	0	0	6	48	37.70
958	ATCTCCGGGGGGCAGGGAGGTGG	chr11:72714187	+	75	1	0	0	2	54	32.33
959	GATGGGGTGGTGAAGCAGGTGGG	chr11:72726731	+	60	0	0	0	3	53	59.01
960	CACAGGGCCTAGGAAGAGGCAGG	chr11:72703072	+	65	2	0	1	5	48	40.95
961	CCTCAGACTGTGGCTGGGGAGGG	chr11:72714254	+	65	1	0	0	5	50	36.32
962	AGAGCCAGAGGCCGTGGAGCGGG	chr11:72692765	-	70	2	0	0	1	57	36.97
963	CGACACGGCTGGCTGGGGGGTGG	chr11:72693459	+	80	1	0	0	1	57	33.28
964	CACTGTGGCCCGGTTGACAGGGG	chr11:72696575	+	65	1	0	0	2	56	56.74
965	GCCCCAGCTACAGAGGAAGAAGG	chr11:72687732	+	60	0	0	0	2	56	54.64
966	GGTCCCAGAGGAGGGGCCGGGGG	chr11:72713202	-	80	0	0	0	6	50	43.03
967	GCCAGGGGCGTGGGGGCCTCAGG	chr11:72702967	+	85	1	0	0	4	53	26.57
968	CATGGATGCTGGGACCTGCAAGG	chr11:72695083	+	60	1	0	0	1	58	59.53
969	CTGAGTCAGCAGAGAAGCTGGGG	chr11:72707358	+	55	2	0	1	1	56	54.02
970	AGCAGAGAAGCTGGGGACATAGG	chr11:72707365	+	55	1	0	0	3	56	51.97
971	CTCAGACTGTGGCTGGGGAGGGG	chr11:72714255	+	65	1	0	0	11	44	39.81
972	TGGGGAGGGGATGATAATGATGG	chr11:72714268	+	50	0	0	0	5	55	51.17
973	GGAGCAGGCCAGCCAGGATGCGG	chr11:72726933	+	70	1	0	0	7	52	41.66
974	AGCCACCTGAGGGCAGGCCCAGG	chr11:72693384	+	75	3	0	0	3	58	43.47
975	TGGCAGGCACAGGTGGTGAGCGG	chr11:72726840	+	65	0	0	0	2	60	60.60
976	AGAGTGATGGTGGGGAGTGTGGG	chr11:72711007	-	55	0	0	0	2	60	43.00
977	AGGAGGCAGGTGGGTGACGCTGG	chr11:72694966	-	70	0	0	2	2	56	30.62
978	CCCCACCATCACTCTCTGCCCGG	chr11:72711015	+	65	0	0	0	7	53	57.30
979	GTGAGCCTGGGGTAGCAGGGTGG	chr11:72698982	-	70	1	0	0	3	59	49.66
980	CCCCTGGGGGAGGGTGGACAGGG	chr11:72714228	+	75	3	0	0	9	50	40.59
981	TGTGGATGGGGTGGTGAAGCAGG	chr11:72726727	+	60	0	0	0	6	55	41.46
982	CTCCTGGAGGGCAGATGGGACGG	chr11:72709974	+	65	1	0	0	3	60	51.17
983	GCTTGGCCCCGCCCCTCCCTAGG	chr11:72697195	-	80	1	0	1	5	55	43.98
984	TGTCAGGAGGGGGCACTGCCAGG	chr11:72699424	+	70	1	0	0	1	63	34.52
985	AGGAACCATGGCAGAGGCTGGGG	chr11:72727113	-	60	2	0	0	5	58	45.21
986	AGGTCCCAGAGGAGGGGCCGGGG	chr11:72713203	-	75	0	0	0	5	58	36.15
987	GAGGAAGCCACTGTGGCTCACGG	chr11:72701701	+	60	3	0	0	4	60	60.46
988	CAGAGCCAGAGGCCGTGGAGCGG	chr11:72692766	-	70	2	0	0	2	63	56.78
989	GGACCGCAGCCTCCTGGGCCTGG	chr11:72693402	-	80	0	0	0	0	66	28.30
990	GCTGGGCTGCAGGGCCTCACTGG	chr11:72704254	+	75	1	0	1	9	51	14.76
991	GAGCTGTGGGGGTGTGCAGGAGG	chr11:72704332	+	70	0	0	0	4	61	52.51
992	GGGGCCCCCGGCCCCTCCTCTGG	chr11:72713198	+	90	3	0	1	5	58	18.30
993	GAACCAGGTGCTGGTGCTGGTGG	chr11:72697608	-	65	2	0	0	2	65	51.15
994	CCCCACAGCCCAGGAGCGCCTGG	chr11:72703016	+	80	1	0	0	5	61	26.86
995	AGGTCAGGCCTAGGGAGGGGCGG	chr11:72697187	+	70	2	0	0	5	62	41.88
996	TCCCAGCCTGCCCACTAAGGAGG	chr11:72714305	-	65	0	0	0	3	66	58.76
997	GCAGCCGCACCAGCAGCTCTCGG	chr11:72696598	+	70	1	0	1	3	64	52.78
998	GAGTGATGGTGGGGAGTGTGGGG	chr11:72711006	-	60	0	0	0	4	65	52.52
999	TGATCCCAGCCCCACAGCCCAGG	chr11:72703007	+	70	2	0	0	5	64	46.64
1000	ACCCTCCCCTGCCTCTTCCTAGG	chr11:72703079	-	65	1	0	0	11	55	38.13
1001	GGTGAGCGTGGCAGAGGGTGGGG	chr11:72702883	-	70	0	0	0	3	67	33.93
1002	TGGGCACAGGCCGTGGGGTGGGG	chr11:72726879	+	75	0	0	0	5	64	32.13
1003	GCTGGCAGGAACCATGGCAGAGG	chr11:72727119	-	65	0	0	0	4	66	52.96
1004	CGACACCCGCCTGATGGACATGG	chr11:72726981	-	65	0	0	0	2	69	49.87
1005	GGGCCCCCGGCCCCTCCTCTGGG	chr11:72713199	+	85	2	0	1	6	61	35.30
1006	GGAAGAGCTCAGGAAGCAGCGGG	chr11:72695598	-	60	0	0	0	5	65	57.83
1007	CAGGCAGCGGGGGCAGCACAGGG	chr11:72726693	+	75	0	0	0	3	69	52.25
1008	GCAGGGGGCGCTCTGGGGAGAGG	chr11:72693794	+	80	0	0	0	3	69	43.74
1009	TGAAGATGGACAGGAAGGTGTGG	chr11:72705823	-	50	0	0	0	4	68	58.68
1010	AGCGGCTGCTGGAGAGCCTGCGG	chr11:72697122	-	70	1	0	0	2	73	53.74
1011	CAGGGCCTAGGAAGAGGCAGGGG	chr11:72703074	+	65	2	0	0	6	67	50.16
1012	GTGACGGGGGTGGAGCCCCCAGG	chr11:72712241	+	80	4	0	2	18	45	44.18
1013	GCCCCTGGGGGAGGGTGGACAGG	chr11:72714227	+	80	2	0	0	8	64	23.93
1014	GGCGGGATGGGTGGGGCAGCGGG	chr11:72726773	+	80	0	0	0	5	69	25.49
1015	GTGAGCGTGGCAGAGGGTGGGGG	chr11:72702882	-	70	0	0	1	5	68	49.10
1016	GGTCAGGCCTAGGGAGGGGCGGG	chr11:72697188	+	75	2	0	0	3	73	36.38
1017	CCTGGGAAGGGGCGAGAGGCAGG	chr11:72695628	+	75	0	0	0	6	69	31.49
1018	GGGTCTGGGGCAGCTGTGGATGG	chr11:72726713	+	70	0	0	1	1	75	30.00
1019	GCAGGAACCATGGCAGAGGCTGG	chr11:72727115	-	65	2	0	0	6	70	31.94
1020	CCCAGGCTCCAGCCTTCACCTGG	chr11:72695523	+	70	4	0	0	8	67	31.19
1021	AGGTGTGTGCATGGGGGTCGGGG	chr11:72707154	-	65	0	0	1	3	73	44.92
1022	GTAAGATCTGGAGAGGGAGAGGG	chr11:72711493	+	50	0	0	0	7	72	64.44
1023	GCTCCACCAGCACCAGCACCTGG	chr11:72697605	+	70	0	0	2	3	74	52.91
1024	CTGGTGAGAGAGGGGTTGGGGGG	chr11:72713244	+	65	0	0	0	5	75	44.35
1025	CTGGGGGGTGGGACTGGAGTGGG	chr11:72693471	+	70	2	0	0	8	71	40.37
1026	CTGTGCAGGTGTGTGCATGGGGG	chr11:72707160	-	60	1	0	0	9	70	72.59
1027	ATGGGCACAGGCCGTGGGGTGGG	chr11:72726878	+	70	0	0	0	3	79	38.41
1028	CATCCTCTTCCTCATCCCCTTGG	chr11:72712463	+	55	0	0	1	6	73	48.59
1029	CTGGGAAGGGGCGAGAGGCAGGG	chr11:72695629	+	70	0	0	2	3	76	48.99
1030	CCCTGGGGGAGGGTGGACAGGGG	chr11:72714229	+	75	2	0	0	4	79	46.85
1031	TGAGCTCTTCCTCATCCACCTGG	chr11:72695610	+	55	1	0	0	30	40	42.81
1032	ACAGGGCCTAGGAAGAGGCAGGG	chr11:72703073	+	60	2	0	0	5	78	59.86
1033	GCGGGGTGCAGGGGCCGGTGAGG	chr11:72726901	+	85	0	0	0	3	81	40.56
1034	CACAGGGTCTGGGGCAGCTGTGG	chr11:72726709	+	70	0	0	0	4	80	41.79
1035	GCCCCTGTCCACCCTCCCCCAGG	chr11:72714230	-	80	2	0	0	6	77	34.15
1036	ACAGGCCGTGGGGTGGGGCGGGG	chr11:72726884	+	80	0	0	8	7	60	31.12
1037	GTTCTCACTGTCCCCCTGGATGG	chr11:72697627	+	60	0	0	0	1	87	45.74
1038	GAGCTCTTCCTCATCCACCTGGG	chr11:72695611	+	55	0	0	0	36	35	60.52
1039	GGAGGAGCTGGACAAGGTCAGGG	chr11:72704145	-	60	0	0	0	5	84	61.08
1040	CCTGGTTCTCACTGTCCCCCTGG	chr11:72697623	+	65	0	0	0	2	89	44.36
1041	CGGGTGCTGGGGCTGCTGCTGGG	chr11:72704237	+	75	0	0	1	13	71	34.39
1042	TGGGGCAGCTGTGGATGGGGTGG	chr11:72726718	+	70	0	0	1	9	78	31.56
1043	ACGAGAGGGAGGAGGCAGGTGGG	chr11:72694975	-	65	1	0	0	4	88	62.72
1044	GCTGTGCAGGTGTGTGCATGGGG	chr11:72707161	-	60	1	0	0	6	86	58.54
1045	GGTGGAGTGGCAGGCACAGGTGG	chr11:72726833	+	70	0	0	0	4	90	51.37
1046	GGCCTGGGCCTGCCCTCAGGTGG	chr11:72693386	-	80	2	0	1	15	72	47.91
1047	CACAGGCCGTGGGGTGGGGCGGG	chr11:72726883	+	80	0	0	0	12	79	24.50
1048	GGGGTGGTGAAGCAGGTGGGCGG	chr11:72726734	+	70	0	0	0	7	87	50.26
1049	CAGAGCTAGAGAAGGAGCAGTGG	chr11:72707338	-	55	2	0	0	1	97	55.78
1050	AGAGAAGGAGCAGTGGTTGGAGG	chr11:72707331	-	55	0	0	1	5	89	52.30
1051	TGAGGTCCCAGAGGAGGGGCCGG	chr11:72713205	-	70	1	0	0	3	94	40.26
1052	CTGCACCCCGCCCCACCCCACGG	chr11:72726889	-	80	0	0	0	10	85	42.32
1053	GCCTAGGAAGAGGCAGGGGAGGG	chr11:72703078	+	65	2	0	0	11	86	52.73
1054	GCAGGCCCTGCAGCAGGCCATGG	chr11:72710546	-	75	4	0	1	12	83	38.16
1055	ATGCTGGGGAGCAGAGAGGAAGG	chr11:72686189	+	60	1	0	0	11	94	53.40
1056	AGAAACATGAGAAGCAGCAGTGG	chr11:72687687	-	45	0	0	0	15	91	55.69
1057	GAGAGTGATGGTGGGGAGTGTGG	chr11:72711008	-	60	0	0	1	7	102	36.13
1058	AGGAAGAGCTCAGGAAGCAGCGG	chr11:72695599	-	55	0	0	1	1	112	50.44
1059	GCACAGGCCGTGGGGTGGGGCGG	chr11:72726882	+	80	0	0	0	16	94	33.51
1060	CTGGGGAGGCCCCTGGGGGAGGG	chr11:72714219	+	80	2	0	0	12	102	41.29
1061	GGCCTAGGAAGAGGCAGGGGAGG	chr11:72703077	+	70	2	0	0	9	107	39.72
1062	AGGTGGATGAGGAAGAGCTCAGG	chr11:72695608	-	55	1	0	2	7	107	52.15
1063	GAGGCTGGGGAGGCCCCTGGGGG	chr11:72714215	+	80	1	0	1	9	110	46.55
1064	GCTGGGGAGGCCCCTGGGGGAGG	chr11:72714218	+	85	2	0	1	11	107	18.68
1065	GCAGGTGTGTGCATGGGGGTCGG	chr11:72707156	-	65	0	0	1	14	103	38.07
1066	CTCTCCACCTCCCTGCCCCCCGG	chr11:72714191	-	75	0	0	0	2	124	46.55
1067	TGGACTTCATGGGTTGGCTGGGG	chr11:72697435	-	55	1	0	0	4	121	40.45
1068	GCTGGACTTCATGGGTTGGCTGG	chr11:72697437	-	60	1	0	0	4	121	22.46
1069	AGGGCAGGCCCAGGCCCAGGAGG	chr11:72693393	+	80	2	0	0	10	113	53.87
1070	GCAGGCAGCGGGGGCAGCACAGG	chr11:72726692	+	80	0	0	0	19	102	37.16
1071	TGCTGGGGAGCAGAGAGGAAGGG	chr11:72686190	+	60	1	0	2	11	113	55.23
1072	CACAGACCTGGCTGAGACCCAGG	chr11:72703034	-	65	3	0	1	23	97	46.92
1073	GGGGCTGCTGCTGGGCTGCAGGG	chr11:72704245	+	75	0	0	0	11	117	29.07
1074	CTGGACTTCATGGGTTGGCTGGG	chr11:72697436	-	55	1	0	0	3	131	34.57
1075	CTCCTCCTTAGTGGGCAGGCTGG	chr11:72714303	+	65	0	0	2	40	77	42.83
1076	CTGGGCCTGGGCCTGCCCTCAGG	chr11:72693389	-	80	3	0	3	14	115	32.19
1077	GCTGGGGGGTGGGACTGGAGTGG	chr11:72693470	+	75	2	0	0	11	126	34.44
1078	GGGAGGCTGGGGAGGCCCCTGGG	chr11:72714213	+	80	1	0	3	16	116	31.98
1079	ACACTGGAGAGGGGAGGAGGAGG	chr11:72695863	+	65	0	0	0	22	114	51.15
1080	CCGGGTGCTGGGGCTGCTGCTGG	chr11:72704236	+	80	0	0	0	15	127	10.17
1081	GGATGGGGTGGTGAAGCAGGTGG	chr11:72726730	+	65	0	0	0	4	147	54.03
1082	GGCTGGCTGGGGGGTGGGACTGG	chr11:72693465	+	80	0	0	0	5	146	26.38
1083	GAGGTCCCAGAGGAGGGGCCGGG	chr11:72713204	-	75	0	0	1	7	142	34.93
1084	GGTGAAGGCTGGAGCCTGGGTGG	chr11:72695520	-	70	4	0	1	11	136	38.38
1085	AACGAGAGGGAGGAGGCAGGTGG	chr11:72694976	-	65	1	0	0	11	143	54.26
1086	GGGCGGGATGGGTGGGGCAGCGG	chr11:72726772	+	80	0	0	0	14	141	27.28
1087	TGGGGCTGCTGCTGGGCTGCAGG	chr11:72704244	+	75	0	0	0	13	145	16.57
1088	CACTGGAGAGGGGAGGAGGAGGG	chr11:72695864	+	65	0	0	1	14	144	55.27
1089	TGAGCACAGGAGCCCATCCTTGG	chr11:72685644	-	60	1	0	0	6	162	46.08
1090	CTGAGGGCAGGCCCAGGCCCAGG	chr11:72693390	+	80	2	0	1	30	125	38.24
1091	GGGAGGCCCCTGGGGGAGGGTGG	chr11:72714222	+	85	2	0	1	16	149	28.98
1092	GGAGGCTGGGGAGGCCCCTGGGG	chr11:72714214	+	80	1	0	2	13	166	31.65
1093	CATGGGCACAGGCCGTGGGGTGG	chr11:72726877	+	75	0	0	1	28	161	39.30
1094	GCTGGGGAGCAGAGAGGAAGGGG	chr11:72686191	+	65	0	0	2	15	187	47.86
1095	GGCCCAGGCCCAGGAGGCTGCGG	chr11:72693399	+	80	1	0	2	17	187	44.80
1096	CGGGGGGCAGGGAGGTGGAGAGG	chr11:72714192	+	80	0	0	0	18	201	38.83
1097	CAAGAAGGTGGGGCCAGGCATGG	chr11:72713160	-	65	1	0	0	20	206	42.49
1098	TGACCTTGTCCAGCTCCTCCTGG	chr11:72704148	+	60	0	0	1	8	242	40.96
1099	CGTGGGGTGGGGCGGGGTGCAGG	chr11:72726890	+	85	0	0	2	13	275	16.65
1100	GGGAGGTGGAGAGGGAGGCTGGG	chr11:72714201	+	70	0	0	1	26	284	39.31
1101	AGGGAGGCTGGGGAGGCCCCTGG	chr11:72714212	+	80	1	0	7	19	291	17.73
1102	GTGGGGTGGGGCGGGGTGCAGGG	chr11:72726891	+	80	0	0	2	22	297	34.66
1103	GATTGAGGACGAGGAGGAGAAGG	chr11:72696631	-	55	0	0	0	17	316	57.74
1104	GCTCAGCCATGGCCTGCTGCAGG	chr11:72710540	+	70	3	0	0	27	>=320	26.25
1105	GTGGGGCGGGGTGCAGGGGCCGG	chr11:72726896	+	85	0	0	2	23	335	32.25
1106	GCTGCTGGAGAGCCTGCGGCAGG	chr11:72697118	-	75	2	0	2	42	>=401	43.81
1107	GGGGGGCAGGGAGGTGGAGAGGG	chr11:72714193	+	75	0	0	1	34	>=426	47.98
1108	GGTGGAGAGGGAGGCTGGGGAGG	chr11:72714205	+	75	0	0	2	46	408	33.30
1109	GGGCAGGGAGGTGGAGAGGGAGG	chr11:72714196	+	75	0	0	3	44	>=431	40.56
1110	GGAGGTGGAGAGGGAGGCTGGGG	chr11:72714202	+	70	0	0	5	53	>=471	32.98
1111	AGGGAGGTGGAGAGGGAGGCTGG	chr11:72714200	+	70	0	0	3	65	>=468	28.15
1112	TGGGGTGGGGCGGGGTGCAGGGG	chr11:72726892	+	80	0	0	2	43	>=536	35.17